Watershed,Hname,Hectares,Acres,Date,Type,Year
20C,"pre-1978 1D",8.39,20.72,1972-04-23,PP,1972
R20B,1C,12.315,30.431,1972-04-23,PP,1972
1B,1B,8.26,20.4,1972-04-22,PP,1972
R20A,1A,26.332,65.068,1972-04-22,PP,1972
R20A,1A,12.43,30.715,1973-05-08,WU,1973
R1A,UA,14.414,35.617,1973-05-08,WU,1973
R1A,"pre-1978 WA",6.685,16.519,1973-05-08,WU,1973
R1A,"unassigned ",7.456,18.425,1973-05-08,WU,1973
2A,2A,16.64,41.11,1973-05-08,WU,1973
1B,"pre-1978 4A",7.02,17.35,1973-05-08,WU,1973
4A,"unassigned ",10.13,25.02,1973-05-08,WU,1973
SpA,"pre-1978 2B",1.552,3.836,1973-05-03,PP,1973
2B,2B,6.08,15.02,1973-05-03,PP,1973
1B,1B,11.07,27.36,1973-05-03,PP,1973
SuA,WC,0.869,2.148,1973-04-28,PU,1973
R20B,1C,2.32,6.43,1973-04-28,PP,1973
2C,2C,22.95,56.72,1973-04-28,"PP ",1973
SuA,"pre-1978 2D",7.568,18.701,1973-04-23,WP,1973
SuA,"pre-1978 10D",14.416,35.623,1973-04-23,WU,1973
WA,"pre-1978 4C",9.221,22.786,1973-04-23,WU,1973
WA,"unassigned ",2.378,5.877,1973-04-23,WU,1973
SuB,WC,4.107,10.148,1973-04-23,WU,1973
SuB,"unassigned ",2.369,5.853,1973-04-23,WU,1973
WB,"pre-1978 4D",11.55,28.55,1973-04-23,WU,1973
R20B,1C,10,24,1973-04-23,WP,1973
N4D,10C,2.69,6.647,1973-04-23,WU,1973
N4D,"unassigned ",4.568,11.287,1973-04-23,WU,1973
20B,"pre-1978 4C",2.62,6.47,1973-04-23,WU,1973
20B,"pre-1978 UC",6.13,15.14,1973-04-23,WU,1973
20B,unassigned,14.84,36.67,1973-04-23,WU,1973
N1B,N1B,1,2,1973-04-23,WU,1973
20C,"pre-1978 1D",5.13,12.68,1973-04-23,"PU ",1973
20C,"pre-1978 1D",0.86,2.13,1973-04-23,WU,1973
20C,"pre-1978 UD",11.28,27.88,1973-04-23,WU,1973
20C,WD,6.53,16.14,1973-04-23,WU,1973
2C,2C,9,22,1973-04-23,WP,1973
4F,"pre-1978 WC",7.01,17.32,1973-04-23,WU,1973
4F,"unassigned ",4.07,10.06,1973-04-23,WU,1973
FB,WC,11.181,27.628,1973-04-23,WU,1973
FA,"pre-1978 UC",11.089,27.402,1973-04-23,WU,1973
R20B,1C,12.315,30.431,1974-05-01,PP,1974
1B,1B,11.07,27.36,1974-04-30,PP,1974
SpB,"pre-1978 WB",14.039,34.691,1974-04-30,PP,1974
R20A,1A,26.332,65.068,1974-04-30,PP,1974
20C,"pre-1978 1D",8.39,20.73,1974-04-27,PP,1974
R20A,1A,26.332,65.068,1975-05-03,PP,1975
WA,"pre-1978 4C",9.221,22.786,1975-05-03,PP,1975
SpA,"pre-1978 4B",14.922,36.872,1975-05-03,PP,1975
R20B,1C,12.315,30.431,1975-05-03,PP,1975
20B,"pre-1978 4C",2.625,6.486,1975-05-03,PP,1975
2B,2B,1,2.46,1975-05-03,PP,1975
2A,2A,26.02,64.3,1975-05-03,PP,1975
1B,1B,12.01,29.69,1975-05-03,PP,1975
1B,"pre-1978 4A",16.41,40.55,1975-05-03,PP,1975
2C,2C,5,12.3,1975-05-03,PP,1975
4B,"pre-1978 4A",2.09,5.164,1975-05-03,PP,1975
SpA,"pre-1978 2B",1.55,3.83,1975-05-01,PP,1975
2B,2B,5.08,12.56,1975-05-01,PP,1975
2C,2C,17.95,44.42,1975-05-01,PP,1975
SuA,"pre-1978 2D",7.568,18.701,1975-04-30,PP,1975
WB,"pre-1978 4D",11.55,28.55,1975-04-30,PP,1975
20C,"pre-1978 1D",6.13,15.14,1975-04-30,PP,1975
2B,2B,1.56,3.84,1976-11-15,WU,1976
20C,"pre-1978 1D",5.97,14.75,1976-04-27,PP,1976
R20A,1A,26.332,65.068,1976-04-27,PP,1976
1B,1B,12.01,29.69,1976-04-26,PP,1976
R20B,1C,12.315,30.431,1976-04-26,PP,1976
R20A,1A,26.332,65.068,1977-04-23,PP,1977
SuA,"pre-1978 2D",7.568,18.701,1977-04-23,PP,1977
SpA,"pre-1978 2B",1.552,3.836,1977-04-23,PP,1977
R20B,1C,12.315,30.431,1977-04-23,PP,1977
20C,"pre-1978 1D",5.81,14.36,1977-04-23,PP,1977
2B,2B,6.08,15.02,1977-04-23,PP,1977
2A,2A,26.02,64.3,1977-04-23,PP,1977
1B,1B,12.01,29.69,1977-04-23,PP,1977
2C,2C,22.95,56.72,1977-04-23,PP,1977
2D,2D,48.41,119.62,1978-05-02,PP,1978
1D,1D,41.55,102.67,1978-05-02,PP,1978
20C,3B3UD,5.7,14.09,1978-05-02,PP,1978
R1B,4H,3.377,8.345,1978-05-02,PP,1978
SpB,4D,20.366,50.325,1978-04-29,PP,1978
SpB,"pre-1988 WB",15.374,37.989,1978-04-29,PP,1978
R20A,1A,26.332,65.068,1978-04-28,PP,1978
1B,1B,7.97,19.69,1978-04-27,PP,1978
1B,"pre-1988 WA",16.73,41.34,1978-04-26,PP,1978
2B,2B,6.08,15.02,1978-04-26,PP,1978
1B,1B,4.16,10.28,1978-04-25,PP,1978
FB,WC,11.181,27.628,1978-04-24,PP,1978
R20B,1C,12.315,30.431,1978-04-23,PP,1978
SpB,10B,3.014,7.447,1978-04-21,WU,1978
"Nature Trail","unassigned ",77.779,192.197,1979-04-28,PP,1979
K1A,"unassigned ",10.519,25.993,1979-04-28,PP,1979
N2A,"unassigned ",11.376,28.111,1979-04-27,PP,1979
HQA,"unassigned ",11.634,28.747,1979-04-27,PP,1979
HQB,"unassigned ",14.83,36.646,1979-04-27,PP,1979
HQC,"unassigned ",17.48,43.194,1979-04-27,PP,1979
HQD,"unassigned ",20.939,51.741,1979-04-27,PP,1979
R20A,1A,26.332,65.068,1979-04-26,PP,1979
R20B,1C,12.315,30.431,1979-04-26,PP,1979
FA,4E,11.089,27.402,1979-04-26,PP,1979
4B,4B,54.5,134.67,1979-04-26,PP,1979
20C,3B3UD,5.7,14.09,1979-04-26,PP,1979
2A,2A,27.96,69.1,1979-04-26,PP,1979
1D,1D,41.55,102.67,1979-04-26,PP,1979
1B,1B,12.01,29.69,1979-04-26,PP,1979
2C,2C,22.95,56.72,1979-04-26,PP,1979
"White Pasture","White Pasture",166.82,412.22,1979-04-24,PP,1979
C3SC,Unassigned,35.404,87.486,1979-04-24,PP,1979
4A,4A,18.84,46.56,1980-05-03,PP,1980
N4A,N4A,4,11,1980-05-03,WU,1980
R1A,3B3UA,29.124,71.966,1980-05-03,PP,1980
WB,4G,12.33,30.46,1980-05-01,PP,1980
R1A,UA,8.039,19.865,1980-04-30,WU,1980
R20A,1A,26.332,65.068,1980-04-30,PP,1980
1B,1B,7.97,19.69,1980-04-29,PP,1980
20C,UC,4.78,11.81,1980-04-29,WU,1980
R20B,1C,12.315,30.431,1980-04-29,PP,1980
SuA,10C,2.57,6.351,1980-04-29,WU,1980
SuA,3U3BC,11.8,29.17,1980-04-29,WU,1980
1B,1B,4.16,10.28,1980-04-28,PP,1980
1D,1D,41.55,102.67,1980-04-28,PP,1980
2B,2B,6.08,15.02,1980-04-28,PP,1980
20C,3B3UD,5.7,14.09,1980-04-28,PP,1980
R1B,4H,20,49,1980-04-28,PP,1980
AL,"unassigned ",12.85,31.74,1980-04-26,PP,1980
"AL - SC","unassigned ",21.13,52.2,1980-04-26,PP,1980
C1SB,"Texas Hog Pasture",69.81,172.51,1980-04-26,PP,1980
C3SC,"unassigned ",127.02,313.873,1980-04-26,PP,1980
C3SB,"unassigned ",226.27,559.124,1980-04-26,PP,1980
C3SA,"unassigned ",102.076,252.235,1980-04-26,PP,1980
C3A,"unassigned ",48.73,120.41,1980-04-26,PP,1980
C3B,"unassigned ",10,24.71,1980-04-26,PP,1980
K1A,"unassigned ",104.859,259.112,1980-04-26,PP,1980
N1A,"unassigned ",37.321,92.222,1980-04-26,PP,1980
K4A,"unassigned ",53.161,131.363,1980-04-26,PP,1980
K2A,"unassigned ",66.1,163.336,1980-04-26,PP,1980
K1B,"unassigned ",181.177,447.697,1980-04-26,PP,1980
"Nature Trail","unassigned ",95.418,235.783,1980-04-26,PP,1980
K20A,"unassigned ",83.13,205.418,1980-04-26,PP,1980
N4B,"unassigned ",56.775,140.293,1980-04-26,PP,1980
"White Pasture","White Pasture",166.82,412.22,1980-04-26,PP,1980
N20B,"unassigned ",84.364,208.467,1980-04-26,PP,1980
HQD,"unassigned ",24.372,60.224,1980-04-22,PP,1980
HQC,"unassigned ",17.48,43.194,1980-04-22,PP,1980
HQB,"unassigned ",11.379,28.117,1980-04-22,PP,1980
HQA,"unassigned ",6.762,16.708,1980-04-22,PP,1980
N2A,"unassigned ",8.32,20.558,1980-04-22,PP,1980
2D,2D,29,71,1980-03-20,WP,1980
C1A,CR3B-3U,93.78,231.73,1980-03-20,WU,1980
C3A,C4A,24,59,1980-03-20,WU,1980
C3B,C1B,75,185.33,1980-03-20,WU,1980
C3C,"unassigned ",102.956,254.409,1980-03-20,WU,1980
R1B,UD,36.42,89.996,1980-03-20,WU,1980
SuA,10C,11.8,29.17,1981-04-28,PP,1981
SuA,3U3BC,11.8,29.17,1981-04-28,PP,1981
WA,3U3BB,11.623,28.72,1981-04-28,PP,1981
R20B,1C,12.315,30.431,1981-04-28,PP,1981
1D,1D,41.55,102.67,1981-04-28,PP,1981
4F,4F,16.37,40.44,1981-04-28,PP,1981
2C,2C,22.95,56.72,1981-04-28,PP,1981
R20A,1A,26.332,65.068,1981-04-25,PP,1981
SpA,10A,24.537,60.631,1981-04-25,PP,1981
SpA,4C,8.818,21.791,1981-04-25,PP,1981
2A,2A,27.96,69.1,1981-04-25,PP,1981
1B,1B,12.01,29.69,1981-04-23,PP,1981
1B,1B,12.01,29.69,1982-04-22,PP,1982
R20B,1C,12.315,30.431,1982-04-22,PP,1982
"Nature Trail","unassigned ",54.727,135.234,1982-04-22,PP,1982
SpB,4D,20.366,50.325,1982-04-22,PP,1982
WA,3U3BB,11.623,28.72,1982-04-22,PP,1982
R20A,1A,26.332,65.068,1982-04-22,PP,1982
2D,2D,48.41,119.62,1982-04-21,PP,1982
1D,1D,41.55,102.67,1982-04-21,PP,1982
2B,2B,6.08,15.02,1982-04-21,PP,1982
R1B,4H,3.377,8.345,1982-04-21,PP,1982
SuA,3U3BC,11.8,29.17,1982-04-21,PP,1982
"White Pasture","White Pasture",166.82,412.22,1983-04-30,PP,1983
"Nature Trail","unassigned ",55.97,138.305,1983-04-30,PP,1983
C1A,CR3B-3U,3.08,7.6,1983-04-30,WU,1983
K1A,K1A,2.54,6.276,1983-04-30,PP,1983
C3C,C1A,1.653,4.084,1983-04-30,WU,1983
C3B,CUA,5.164,12.762,1983-04-30,WU,1983
C3A,CUA,8,20,1983-04-30,WU,1983
C3SC,"unassigned ",59.478,146.973,1983-04-30,PP,1983
SuA,3U3BC,11.8,29.17,1983-04-29,PP,1983
SpB,"pre-1988 WB",15.374,37.989,1983-04-29,PP,1983
FB,WC,11.181,27.628,1983-04-29,PP,1983
HQB,"unassigned ",3.79,9.365,1983-04-26,PP,1983
C3SB,"unassigned ",1.266,3.129,1983-04-21,PP,1983
R20A,1A,26.332,65.068,1983-04-20,PP,1983
2A,2A,27.96,69.1,1983-04-20,PP,1983
1D,1D,41.55,102.67,1983-04-20,PP,1983
1B,"pre-1988 WA",23.88,59,1983-04-20,PP,1983
1B,1B,12.01,29.69,1983-04-20,PP,1983
4B,4B,54.5,134.67,1983-04-20,PP,1983
WA,3U3BB,11.623,28.72,1983-04-18,PP,1983
R20B,1C,12.315,30.431,1983-04-18,PP,1983
2C,2C,22.95,56.72,1983-04-18,PP,1983
FA,4E,11.089,27.402,1983-04-18,PP,1983
AL,"unassigned ",1.316,3.251,1983-03-14,PP,1983
C3B,C1B,1,1,1984-09-23,WU,1984
HQB,"unassigned ",6.808,16.823,1984-05-04,PP,1984
1B,1B,12.01,29.69,1984-04-28,PP,1984
2B,2B,6.08,15.02,1984-04-28,PP,1984
N1A,N1A,34,84,1984-04-28,PP,1984
R20A,1A,26.332,65.068,1984-04-28,PP,1984
2D,2D,48.41,119.62,1984-04-19,PP,1984
1D,1D,41.55,102.67,1984-04-19,PP,1984
20C,3B3UD,5.7,14.09,1984-04-19,PP,1984
R20B,1C,12.315,30.431,1984-04-19,PP,1984
N1A,N1A,60,148,1984-04-19,PP,1984
WB,4G,12.33,30.46,1984-04-19,PP,1984
4A,4A,18.84,46.56,1984-04-18,PP,1984
R1A,3B3UA,29.124,71.966,1984-04-18,PP,1984
N4A,N4A,99.196,245.118,1984-04-18,PP,1984
AL,"unassigned ",1.09,2.693,1984-04-13,PP,1984
N2A,N2A,13.317,32.906,1984-02-03,WU,1984
20C,3B3UD,5.7,14.09,1985-05-02,PP,1985
1D,1D,41.55,102.67,1985-05-02,PP,1985
4F,4F,16.37,40.44,1985-05-02,PP,1985
FB,WC,11.181,27.628,1985-05-02,PP,1985
SpB,"pre-1988 WB",15.374,37.989,1985-04-24,PP,1985
SpA,4C,8.818,21.791,1985-04-24,PP,1985
R20B,1C,12.315,30.431,1985-04-24,PP,1985
1B,1B,12.01,29.69,1985-04-24,PP,1985
1B,"pre-1988 WA",23.88,59,1985-04-24,PP,1985
2C,2C,22.95,56.72,1985-04-24,PP,1985
R20A,1A,26.332,65.068,1985-04-16,PP,1985
K20A,KUA,53.681,132.648,1985-04-16,WU,1985
R1A,3B3UA,29.124,71.966,1985-04-16,PP,1985
2A,2A,27.96,69.1,1985-04-16,PP,1985
N1A,N1A,34,84,1985-04-15,PP,1985
K1B,K4B,7.524,18.592,1985-04-15,PP,1985
K2A,K2A,12.217,30.19,1985-04-15,PP,1985
K4A,K4A,53.161,131.363,1985-04-15,PP,1985
N4B,N4B,56.775,140.293,1985-04-15,PP,1985
"Nature Trail","unassigned ",96.042,237.325,1985-04-15,PP,1985
AL,K4A,41.61,102.81,1985-04-15,PP,1985
C1SB,"Texas Hog Pasture",69.81,172.51,1985-04-15,PP,1985
K1A,K1A,113.89,281.428,1985-04-15,PP,1985
C3SB,"unassigned ",1.963,4.851,1985-04-15,PP,1985
N2A,N2A,101.215,250.107,1985-04-11,PP,1985
N1A,N1A,60,148,1985-04-11,PP,1985
HQC,"unassigned ",17.483,43.201,1985-04-11,PP,1985
HQD,HQC,28.25,69.807,1985-04-11,PP,1985
HQB,"unassigned ",14.92,36.868,1985-04-09,PP,1985
HQA,"unassigned ",12.28,30.344,1985-04-09,PP,1985
HQD,HQC,28.25,69.807,1986-05-01,PP,1986
1B,1B,12.01,29.69,1986-05-01,PP,1986
1B,"pre-1988 WA",23.88,59,1986-05-01,PP,1986
R20A,1A,26.332,65.068,1986-05-01,PP,1986
N4C,N4C,77.842,192.351,1986-04-22,PP,1986
N1A,N1A,93.855,231.92,1986-04-22,PP,1986
C3SB,"unassigned ",226.265,559.112,1986-04-16,PP,1986
C3SC,"unassigned ",127.02,313.873,1986-04-16,PP,1986
C3SA,"unassigned ",102.076,252.235,1986-04-16,PP,1986
R1A,3B3UA,29.124,71.966,1986-04-16,PP,1986
SpB,4D,20.37,50.33,1986-04-16,PP,1986
SpB,"pre-1988 WB",15.37,37.98,1986-04-16,PP,1986
"White Pasture","White Pasture",122.23,302.03,1986-04-16,PP,1986
HQA,"unassigned ",12.28,30.344,1986-04-11,PP,1986
FB,WC,11.18,27.626,1986-04-11,PP,1986
HQC,"unassigned ",17.483,43.201,1986-04-11,PP,1986
HQB,"unassigned ",14.919,36.866,1986-04-11,PP,1986
4F,4F,1.346,3.326,1986-04-11,WU,1986
SuB,10D,15.63,38.62,1986-04-11,PP,1986
K1A,K1A,113.89,281.428,1986-04-10,PP,1986
C1SB,"Texas Hog Pasture",69.81,172.51,1986-04-10,PP,1986
"Nature Trail","unassigned ",101.87,251.726,1986-04-10,PP,1986
2D,2D,48.41,119.62,1986-04-09,PP,1986
1D,1D,41.55,102.67,1986-04-09,PP,1986
20C,3B3UD,5.7,14.09,1986-04-09,PP,1986
R20B,1C,12.315,30.431,1986-04-09,PP,1986
R1B,4H,3.38,8.352,1986-04-09,PP,1986
2B,2B,6.08,15.02,1986-04-08,PP,1986
SpB,10B,8.21,20.287,1986-04-08,PP,1986
N4C,N4C,4,10,1986-03-17,WP,1986
"White Pasture","White Pasture",166.82,412.22,1987-04-24,PP,1987
AL,"unassigned ",6.209,15.34,1987-04-24,PP,1987
C3SC,"unassigned ",66.115,163.373,1987-04-24,PP,1987
N2A,N2A,101.215,250.107,1987-04-23,PP,1987
"Belowground Plots","Belowground Plots",1.45,3.58,1987-04-10,PP,1987
1D,1D,41.55,102.67,1987-04-09,PP,1987
R20A,1A,26.332,65.068,1987-04-08,PP,1987
WA,3U3BB,11.622,28.719,1987-04-08,PP,1987
2A,2A,27.96,69.1,1987-04-08,PP,1987
1B,1B,12.01,29.69,1987-04-08,PP,1987
1B,"pre-1988 WA",23.88,59,1987-04-08,PP,1987
FB,WC,11.18,27.626,1987-04-08,PP,1987
4B,4B,54.5,134.67,1987-04-08,PP,1987
SpB,"pre-1988 WB",15.37,37.98,1987-04-07,PP,1987
R20B,1C,12.315,30.431,1987-04-07,PP,1987
2C,2C,22.95,56.72,1987-04-07,PP,1987
FA,4E,11.09,27.404,1987-04-07,PP,1987
SuA,3U3BC,11.8,29.17,1987-04-06,PP,1987
FB,WC,11,28,1988-11-10,PP,1988
1B,1B/WA,35.89,88.69,1988-04-20,PP,1988
R20A,1A,26.332,65.068,1988-04-20,PP,1988
2B,2B,6.08,15.02,1988-04-19,PP,1988
SuA,3U3BC,11.8,29.17,1988-04-15,PP,1988
C3B,C1B,20,50,1988-04-14,PP,1988
C3C,C1B,101.55,250.935,1988-04-14,PP,1988
"Belowground Plots","Belowground Plots",1.45,3.58,1988-04-14,PP,1988
C1A,C4B,93.78,231.73,1988-04-14,PP,1988
N4D,N4D,135.45,334.704,1988-04-13,PP,1988
N2B,N2B,118.78,293.511,1988-04-13,PP,1988
N1B,N1B,120.68,298.206,1988-04-13,PP,1988
K1A,"K1A ",113.89,281.428,1988-04-12,PP,1988
AL,AL,5.34,13.2,1988-04-12,PP,1988
C1SB,"Texas Hog Pasture",69.81,172.51,1988-04-12,PP,1988
"Nature Trail","Nature Trail",101.87,251.726,1988-04-12,PP,1988
K2A,K2A,66.1,163.336,1988-04-12,PP,1988
K1B,K1B,105.138,259.801,1988-04-12,PP,1988
K1B,K4B,76.118,188.092,1988-04-12,PP,1988
N4A,N4A,99.196,245.118,1988-04-11,PP,1988
2D,2D,48.41,119.62,1988-04-07,PP,1988
1D,1D,41.55,102.67,1988-04-07,PP,1988
R20B,1C,12.315,30.431,1988-04-07,PP,1988
WA,3U3BB,11.622,28.719,1988-04-07,PP,1988
4A,4A,18.84,46.56,1988-04-06,PP,1988
WB,4G,12.33,30.46,1988-04-05,PP,1988
HQA,HQA,12.28,30.344,1988-04-04,PP,1988
HQB,HQB,14.92,36.868,1988-04-04,PP,1988
N1A,N1A,93.855,231.92,1988-04-04,PP,1988
FB,WC,11.181,27.628,1989-11-10,PP,1989
AL,AL,23.28,57.53,1989-04-27,PP,1989
"Belowground Plots","Belowground Plots",1.45,3.58,1989-04-19,PP,1989
C3SC,S3C,127.02,313.873,1989-04-18,PP,1989
C3C,C1B,101.55,250.935,1989-04-17,PP,1989
C3B,C4A,53.239,131.556,1989-04-17,PP,1989
C3A,C4A,24.223,59.856,1989-04-17,PP,1989
2D,2D,3.78,9.341,1989-04-14,PP,1989
C3SB,S3B,1.95,4.819,1989-04-14,PP,1989
C3A,C4A,1,1,1989-04-14,PP,1989
K1B,K1B,105.138,259.801,1989-04-13,PP,1989
N2A,N2A,101.215,250.107,1989-04-13,PP,1989
SuA,3U3BC,11.8,29.17,1989-04-12,PP,1989
R20B,1C,12.315,30.431,1989-04-12,PP,1989
1D,1D,41.55,102.67,1989-04-12,PP,1989
R20A,1A,26.332,65.068,1989-04-11,PP,1989
WA,3U3BB,11.622,28.719,1989-04-11,PP,1989
SpA,4C,8.818,21.791,1989-04-11,PP,1989
2A,2A,27.96,69.1,1989-04-11,PP,1989
1B,1B/WA,35.89,88.69,1989-04-11,PP,1989
2C,2C,22.95,56.72,1989-04-11,PP,1989
K4A,K4A,53.16,131.361,1989-04-10,PP,1989
N1A,N1A,93.855,231.92,1989-04-10,PP,1989
N20A,N20A,82.98,205.048,1989-04-10,PP,1989
K1A,K1A,113.89,281.428,1989-04-10,PP,1989
4F,4F,16.37,40.44,1989-04-07,PP,1989
HQD,HQC,28.25,69.807,1989-04-07,PP,1989
HQB,HQB,14.92,36.868,1989-04-07,PP,1989
HQC,HQC,17.483,43.201,1989-04-07,PP,1989
HQA,HQA,12.28,30.344,1989-04-07,PP,1989
N1B,N1B,120.68,298.206,1989-04-05,PP,1989
N4B,N4B,56.775,140.293,1989-04-05,PP,1989
"Belowground Plots","Belowground Plots",1.45,3.58,1990-05-01,PP,1990
C3SB,S3B,226.265,559.112,1990-04-30,PP,1990
"White Pasture","White Pasture",166.82,412.22,1990-04-30,PP,1990
20C,3B3UD,5.7,14.09,1990-04-23,PP,1990
N20A,N20A,82.978,205.043,1990-04-23,PP,1990
HQC,HQC,17.483,43.201,1990-04-21,PP,1990
HQD,HQC,28.25,69.807,1990-04-21,PP,1990
C3B,C1B,20,50,1990-04-18,PP,1990
C3C,C1B,101.552,250.94,1990-04-18,PP,1990
C1A,C4B,93.78,231.73,1990-04-18,PP,1990
2D,2D,48.41,119.62,1990-04-18,PP,1990
R1B,4H,3.377,8.345,1990-04-18,PP,1990
1D,1D,41.55,102.67,1990-04-16,PP,1990
K2A,K2A,66.1,163.336,1990-04-16,PP,1990
K1B,K1B,105.138,259.801,1990-04-16,PP,1990
SpB,4D,20.37,50.33,1990-04-14,PP,1990
2B,2B,6.08,15.02,1990-04-12,PP,1990
R20B,1C,12.315,30.431,1990-04-12,PP,1990
HQA,HQA,12.278,30.34,1990-04-11,PP,1990
HQB,HQB,14.922,36.873,1990-04-11,PP,1990
N1A,N1A,93.855,231.92,1990-04-11,PP,1990
N4C,N4C,77.842,192.351,1990-04-07,PP,1990
N2B,N2B,118.781,293.514,1990-04-06,PP,1990
N1B,N1B,120.683,298.214,1990-04-06,PP,1990
K1A,K1A,113.89,281.428,1990-04-04,PP,1990
C1SB,"Texas Hog Pasture",69.81,172.51,1990-04-04,PP,1990
"Nature Trail","Nature Trail",101.87,251.726,1990-04-04,PP,1990
1B,1B/WA,35.89,88.69,1990-04-03,PP,1990
R1A,3B3UA,29.124,71.966,1990-04-03,PP,1990
R20A,1A,26.332,65.068,1990-04-03,PP,1990
N20B,N20B,22.91,56.612,1991-10-20,WU,1991
WA,3U3BB,4.56,11.27,1991-10-20,WU,1991
K1B,K4B,28.57,70.598,1991-10-20,WU,1991
20B,20B/UC/4B,2,5,1991-10-20,WU,1991
N1B,N1B,61.45,151.846,1991-10-20,WU,1991
R20B,1C,1,2.46,1991-10-20,WU,1991
4F,4F,9.71,23.99,1991-10-20,WU,1991
FB,WC,1,2.46,1991-10-20,WU,1991
"Belowground Plots","Belowground Plots",1.45,3.58,1991-05-01,PP,1991
R20A,1A,26.332,65.068,1991-04-24,PP,1991
SpA,10A,24.537,60.631,1991-04-24,PP,1991
R1A,3B3UA,29.124,71.966,1991-04-24,PP,1991
2A,2A,27.96,69.1,1991-04-24,PP,1991
1B,1B/WA,35.89,88.69,1991-04-24,PP,1991
4B,4B,54.5,134.67,1991-04-24,PP,1991
N2A,N2A,101.215,250.107,1991-04-23,PP,1991
K1A,K1A,113.89,281.428,1991-04-19,PP,1991
WB,4G,12.33,30.46,1991-04-05,WU,1991
SuB,10D,15.63,38.62,1991-04-05,WU,1991
N20B,N20B,84.364,208.467,1991-04-05,WU,1991
SuA,10C,11.06,27.32,1991-04-05,WU,1991
SuA,3U3BC,11.8,29.17,1991-04-05,WU,1991
WA,3U3BB,11.62,28.72,1991-04-05,WU,1991
K1B,K1B,105.138,259.801,1991-04-05,"WP ",1991
K1B,K4B,76.118,188.092,1991-04-05,WU,1991
K2A,K2A,66.1,163.336,1991-04-05,WU,1991
K4A,K4A,53.161,131.364,1991-04-05,WU,1991
20B,20B/UC/4B,23.77,58.75,1991-04-05,WU,1991
N1A,N1A,93.855,231.92,1991-04-05,"WP ",1991
N1B,N1B,120.683,298.214,1991-04-05,"WP ",1991
N4D,N4D,135.45,334.704,1991-04-05,WU,1991
N2B,N2B,118.781,293.514,1991-04-05,WU,1991
N20A,N20A,82.978,205.043,1991-04-05,"WP ",1991
K20A,K20A,83.13,205.418,1991-04-05,WU,1991
N4B,N4B,56.775,140.293,1991-04-05,WU,1991
R1B,4H,3.377,8.345,1991-04-05,WU,1991
R1B,20D,36.42,89.996,1991-04-05,WU,1991
R20B,1C,12.315,30.431,1991-04-05,"WP ",1991
20C,3B3UD,5.7,14.09,1991-04-05,"WP ",1991
20C,UC,30.37,75.04,1991-04-05,WU,1991
1D,1D,41.55,102.67,1991-04-05,"WP ",1991
2D,2D,48.41,119.62,1991-04-05,WU,1991
2C,2C,22.95,56.72,1991-04-05,"WP ",1991
4F,4F,16.37,40.44,1991-04-05,WU,1991
C1SB,"Texas Hog Pasture",69.81,172.51,1991-04-05,WU,1991
C1A,C4B,93.78,231.73,1991-04-05,WU,1991
FA,4E,11.089,27.402,1991-04-05,"WP ",1991
FB,WC,11.181,27.628,1991-04-05,WU,1991
C3C,C1B,101.552,250.94,1991-04-05,"WP ",1991
C3B,C4A2,54.14,133.783,1991-04-05,"WP ",1991
C3B,C4A1,14.212,35.119,1991-04-05,WU,1991
C3SB,S3B,226.265,559.112,1991-04-05,WU,1991
C3SC,S3C,127.023,313.88,1991-04-05,WU,1991
C3A,C4A2,25.072,61.954,1991-04-05,"WP ",1991
C3A,C4A1,23.656,58.455,1991-04-05,WU,1991
C3SA,S3A,102.075,252.232,1991-04-05,"WP ",1991
HQD,HQC,28.25,69.807,1991-04-04,PP,1991
HQB,HQB,14.922,36.873,1991-04-04,PP,1991
HQC,HQC,17.483,43.201,1991-04-04,PP,1991
HQA,HQA,12.278,30.34,1991-04-04,PP,1991
4F,4F,7,17.3,1992-09-20,WU,1992
R20B,1C,0.5,1,1992-09-20,WP,1992
N1B,N1B,46,113,1992-09-20,WP,1992
K1B,K4B,24,58,1992-09-20,WU,1992
WA,3U3BB,3,7.4,1992-09-20,WU,1992
N20B,N20B,26,65,1992-09-20,WU,1992
"Belowground Plots","Belowground Plots",1.45,3.58,1992-04-28,PP,1992
1B,1B/WA,35.89,88.69,1992-04-28,PP,1992
2B,2B,6.08,15.02,1992-04-28,PP,1992
R20B,1C,12.315,30.431,1992-04-28,PP,1992
2D,2D,48.41,119.62,1992-04-23,PP,1992
1D,1D,41.55,102.67,1992-04-23,PP,1992
20C,3B3UD,5.7,14.09,1992-04-23,PP,1992
WB,4G,12.33,30.46,1992-04-23,PP,1992
HQA,HQA,12.278,30.34,1992-04-22,PP,1992
HQC,HQC,17.483,43.201,1992-04-22,PP,1992
HQB,HQB,14.922,36.873,1992-04-22,PP,1992
HQD,HQC,28.25,69.807,1992-04-22,PP,1992
K1A,K1A,113.89,281.428,1992-04-22,PP,1992
N1B,N1B,120.683,298.214,1992-04-17,PP,1992
K1B,K1B,105.138,259.801,1992-04-17,PP,1992
K1B,K4B,76.118,188.092,1992-04-17,PP,1992
N20A,N20A,82.978,205.043,1992-04-14,PP,1992
N2B,N2B,118.781,293.514,1992-04-14,PP,1992
N1A,N1A,93.855,231.92,1992-04-14,PP,1992
4A,4A,18.84,46.56,1992-04-13,PP,1992
R1A,3B3UA,29.124,71.966,1992-04-13,PP,1992
R20A,1A,26.332,65.068,1992-04-13,PP,1992
N4A,N4A,99.196,245.118,1992-04-11,PP,1992
C3A,C4A1,23.656,58.455,1992-04-09,PP,1992
C3A,C4A2,25.072,61.954,1992-04-09,PP,1992
C3B,C4A1,14.212,35.119,1992-04-09,PP,1992
C3B,C4A2,54.14,133.783,1992-04-09,PP,1992
C3C,C1B,101.552,250.94,1992-04-09,PP,1992
C1A,C4B,93.78,231.73,1992-04-09,PP,1992
K2A,K2A,66.1,163.336,1992-04-09,PP,1992
FA,FA,11.089,27.401,1993-11-29,PP,1993
FB,FB,11.181,27.629,1993-11-29,PP,1993
K1B,K1B,105.138,259.801,1993-05-13,PP,1993
K2A,K2A,3.244,8.016,1993-05-13,WU,1993
C3SC,S3C,74.882,185.037,1993-05-13,WU,1993
SpA,4C,8.818,21.791,1993-05-04,PP,1993
HQD,HQC,28.25,69.807,1993-05-04,PP,1993
WA,3U3BB,11.62,28.72,1993-04-30,PP,1993
R20B,1C,12.315,30.431,1993-04-30,PP,1993
C1A,C4B,13.11,32.41,1993-04-30,WU,1993
C3C,C1B,103.106,254.78,1993-04-30,PP,1993
C3B,C4A,53.239,131.556,1993-04-30,PP,1993
C3A,C4A,24.222,59.855,1993-04-30,PP,1993
N2A,N2A,101.215,250.107,1993-04-29,PP,1993
"Belowground Plots","Belowground Plots",1.45,3.58,1993-04-29,PP,1993
HQC,HQC,17.483,43.201,1993-04-29,PP,1993
2C,2C,22.95,56.72,1993-04-26,PP,1993
4F,4F,16.37,40.44,1993-04-26,PP,1993
R20A,1A,26.332,65.068,1993-04-24,PP,1993
2A,2A,27.96,69.1,1993-04-24,PP,1993
1D,1D,41.55,102.67,1993-04-24,PP,1993
1B,1B/WA,35.89,88.69,1993-04-24,PP,1993
N1A,N1A,93.855,231.92,1993-04-21,PP,1993
N4B,N4B,56.775,140.293,1993-04-21,PP,1993
K4A,K4A,53.161,131.363,1993-04-10,PP,1993
N1B,N1B,120.683,298.214,1993-04-10,PP,1993
FB,FB,11.181,27.629,1994-11-23,PP,1994
FA,FA,11.089,27.401,1994-11-23,PP,1994
SuB,SuB,15.63,38.62,1994-09-07,PP,1994
SuA,10C/3U3BC,22.86,56.49,1994-09-02,PP,1994
2B,2B,6.08,15.02,1994-05-05,PP,1994
SpA,4C,8.818,21.79,1994-05-05,PP,1994
SpB,4D/WB,35.74,88.31,1994-05-05,PP,1994
2D,2D,48.41,119.62,1994-05-04,PP,1994
1D,1D,41.55,102.67,1994-05-04,PP,1994
R20B,1C,12.315,30.431,1994-05-04,PP,1994
R1B,4H,3.377,8.345,1994-05-04,PP,1994
"Belowground Plots","Belowground Plots",1.45,3.58,1994-05-03,PP,1994
N1A,N1A,93.855,231.92,1994-05-03,PP,1994
K1A,K1A,113.89,281.428,1994-04-24,PP,1994
C3SC,S3C,127.02,313.873,1994-04-22,"PU ",1994
C3SB,S3B,226.265,559.112,1994-04-22,PP,1994
C3SA,S3A,102.076,252.235,1994-04-22,PP,1994
C3B,C1B,63.69,157.381,1994-04-22,PP,1994
C3C,C1B,21.55,53.251,1994-04-22,PP,1994
C3C,C1C,81.291,200.874,1994-04-22,PP,1994
AL,AL,14.07,34.77,1994-04-22,"PU ",1994
C1A,"Pasture 8",5.1,12.6,1994-04-22,PP,1994
C1SB,"Texas Hog Pasture",69.81,172.51,1994-04-22,PP,1994
N1B,N1B,120.683,298.214,1994-04-21,PP,1994
HQA,HQA,12.28,30.344,1994-04-20,PP,1994
HQC,HQC,17.483,43.201,1994-04-20,PP,1994
HQB,HQB,14.919,36.866,1994-04-20,PP,1994
HQD,HQC,28.25,69.807,1994-04-20,PP,1994
"White Pasture","White Pasture",166.82,412.22,1994-04-17,"WP ",1994
"Nature Trail","Nature Trail",101.87,251.726,1994-04-16,PP,1994
N2B,N2B,118.781,293.514,1994-04-13,"WP ",1994
N2A,N2A,101.215,250.107,1994-04-13,WU,1994
4B,4B,54.5,134.67,1994-03-31,WU,1994
HQD,HQC,28.25,69.807,1994-03-31,WU,1994
4A,4A,18.84,46.56,1994-03-31,WU,1994
1B,1B/WA,35.89,88.69,1994-03-31,"WP ",1994
2A,2A,27.96,69.1,1994-03-31,WU,1994
R1A,20A/3B3UA,48.66,120.241,1994-03-31,WU,1994
N4A,N4A,99.196,245.118,1994-03-31,WU,1994
N4D,N4D,135.45,334.704,1994-03-31,WU,1994
N4C,N4C,77.842,192.351,1994-03-31,"WP ",1994
R20A,1A,26.332,65.068,1994-03-31,"WP ",1994
K2A,K2A,66.1,163.336,1994-03-30,PP,1994
K1B,K1B,105.138,259.801,1994-03-30,PP,1994
WA,WA,11.62,28.72,1994-02-15,PP,1994
WB,WB,12.33,30.46,1994-02-15,PP,1994
FA,FA,11.089,27.401,1995-11-21,PP,1995
FB,FB,11.181,27.629,1995-11-21,PP,1995
C1SB,"Texas Hog Pasture",69.81,172.51,1995-04-28,PP,1995
"Nature Trail","Nature Trail",101.87,251.726,1995-04-27,PP,1995
"Belowground Plots","Belowground Plots",1.45,3.58,1995-04-27,PP,1995
SpA,4C,8.818,21.79,1995-04-25,PP,1995
N1A,N1A,93.855,231.92,1995-04-24,PP,1995
K1A,K1A,113.89,281.428,1995-04-24,PP,1995
HQB,HQB,14.919,36.866,1995-04-24,PP,1995
HQA,HQA,12.28,30.344,1995-04-24,PP,1995
K1B,K1B,105.138,259.801,1995-04-21,PP,1995
1D,1D,41.55,102.67,1995-04-19,PP,1995
C1A,"Pasture 8",5.1,12.6,1995-04-19,PP,1995
C3C,C1B,21.55,53.251,1995-04-19,PP,1995
C3C,C1C,81.291,200.874,1995-04-19,PP,1995
C3B,C1B,63.69,157.381,1995-04-19,PP,1995
SpB,4D/WB,35.74,88.31,1995-04-13,PP,1995
N1B,N1B,120.683,298.214,1995-04-13,PP,1995
2C,2C,22.95,56.72,1995-04-08,PP,1995
R20A,1A,26.332,65.068,1995-04-06,PP,1995
R20B,1C,12.315,30.431,1995-04-06,PP,1995
1B,1B/WA,35.89,88.69,1995-04-06,PP,1995
HQC,HQC,17.483,43.201,1995-04-03,PP,1995
WB,WB,12.33,30.46,1995-02-21,PP,1995
WA,WA,11.62,28.72,1995-02-21,PP,1995
FB,FB,11.181,27.629,1996-11-07,PP,1996
FA,FA,11.089,27.401,1996-11-07,PP,1996
2B,10B,8.21,20.29,1996-05-13,PP,1996
2B,2B,6.08,15.02,1996-05-13,PP,1996
SpB,4D/WB,35.74,88.31,1996-05-13,PP,1996
"Belowground Plots","Belowground Plots",1.45,3.58,1996-05-11,PP,1996
N1A,N1A,33.83,83.596,1996-05-02,PP,1996
N2B,N2B,118.781,293.514,1996-04-30,PP,1996
N1A,N1A,60.03,148.322,1996-04-30,PP,1996
2A,2A,27.96,69.1,1996-04-26,PP,1996
4F,4F,1,2.47,1996-04-23,PU,1996
1B,1B/WA,35.89,88.69,1996-04-23,PP,1996
SuA,10C/3U3BC,22.86,56.49,1996-04-23,"PU ",1996
SuB,SuB,15.63,38.62,1996-04-23,"PU ",1996
HQD,HQC,28.25,69.807,1996-04-20,PP,1996
N2A,N2A,101.215,250.107,1996-04-20,PP,1996
R20A,1A,26.332,65.068,1996-04-16,PP,1996
C1A,"Pasture 8",5.1,12.6,1996-04-09,PP,1996
SpA,4C,8.818,21.79,1996-04-09,PP,1996
K1A,K1A,113.89,281.428,1996-04-05,PP,1996
K1B,K4B,39.12,96.66,1996-03-26,"PU ",1996
N20B,N20B,84.364,208.467,1996-03-26,"PU ",1996
C3B,C1B,63.69,157.381,1996-02-25,"WP ",1996
C3B,C4A,2.902,7.17,1996-02-25,"WP ",1996
C3C,C1B,21.815,53.906,1996-02-25,"WP ",1996
C3C,C1C,81,200.155,1996-02-25,"WP ",1996
C3SA,S3A,102.076,252.235,1996-02-25,"WP ",1996
C3A,C4A,48.728,120.41,1996-02-25,"WP ",1996
C3SB,S3B,226.265,559.112,1996-02-25,"WP ",1996
C3SC,S3C,127.02,313.873,1996-02-25,"WP ",1996
AL,AL,22,54.36,1996-02-25,WU,1996
C1A,C4D,89,219,1996-02-25,WP,1996
2D,2D,48.41,119.62,1996-02-25,"WP ",1996
4F,4F,15.37,37.98,1996-02-25,WU,1996
1D,1D,41.55,102.67,1996-02-25,WP,1996
R20B,1C,12.315,30.431,1996-02-25,"WP ",1996
N1B,N1B,120.683,298.214,1996-02-25,PP,1996
K1B,K1B,105.138,259.801,1996-02-25,"WP ",1996
K1B,K4B,37,91.429,1996-02-25,"WP ",1996
K2A,K2A,66.1,163.336,1996-02-25,"WP ",1996
SuA,10C/3U3BC,5,12.36,1996-02-25,"WP ",1996
SuB,SuB,7,17.3,1996-02-25,"WP ",1996
"White Pasture","White Pasture",166.82,412.22,1996-02-25,"WP ",1996
N20B,N20B,17,42.008,1996-02-25,WU,1996
WA,WA,11.62,28.72,1996-02-09,PP,1996
WB,WB,12.33,30.46,1996-02-09,PP,1996
FA,FA,11.089,27.401,1997-11-21,PP,1997
FB,FB,11.181,27.629,1997-11-21,PP,1997
SuB,SuB,15.63,38.62,1997-07-31,PP,1997
SuA,10C/3U3BC,22.86,56.49,1997-07-31,PP,1997
R20A,1A,26.332,65.068,1997-04-28,PP,1997
HQC,HQC,17.483,43.201,1997-04-28,PP,1997
K1B,K1B,105.138,259.801,1997-04-25,PP,1997
C1SB,"Texas Hog Pasture",69.81,172.51,1997-04-19,PP,1997
SpA,4C,8.818,21.79,1997-04-17,PP,1997
1D,1D,41.55,102.67,1997-04-17,PP,1997
1B,1B/WA,35.89,88.69,1997-04-17,PP,1997
"Belowground Plots","Belowground Plots",1.45,3.58,1997-04-16,PP,1997
SpB,4D/WB,35.74,88.31,1997-04-15,PP,1997
SpA,10A,19.54,48.27,1997-04-15,PU,1997
C3SC,S3C,127.02,313.873,1997-04-09,PP,1997
C3SB,S3B,226.265,559.112,1997-04-09,PP,1997
K4A,K4A,53.161,131.363,1997-04-07,PP,1997
N1A,N1A,93.855,231.92,1997-04-07,PP,1997
N1B,N1B,120.683,298.214,1997-04-07,PP,1997
"Nature Trail","Nature Trail",101.87,251.726,1997-04-03,PP,1997
C1A,"Pasture 8",5.1,12.6,1997-04-03,PP,1997
K1A,K1A,113.89,281.428,1997-04-03,PP,1997
C3C,C1B,21.55,53.251,1997-04-03,PP,1997
C3C,C1C,81.291,200.874,1997-04-03,PP,1997
C3B,C1B,63.69,157.381,1997-04-03,PP,1997
R20B,1C,12.315,30.431,1997-03-31,PP,1997
2C,2C,22.95,56.72,1997-03-31,PP,1997
SpA,10A,5,12.355,1997-03-24,WU,1997
WB,WB,12.33,30.46,1997-02-25,PP,1997
WA,WA,11.62,28.72,1997-02-25,PP,1997
HQB,HQB,14.919,36.866,1997-01-30,PP,1997
HQA,HQA,12.28,30.344,1997-01-30,PP,1997
FB,FB,11.181,27.629,1998-12-01,PP,1998
FA,FA,11.089,27.401,1998-12-01,PP,1998
4B,4B,54.5,134.67,1998-05-04,PP,1998
1B,1B/WA,35.89,88.69,1998-05-04,PP,1998
SpA,4C,8.818,21.79,1998-05-04,PP,1998
R20A,1A,26.332,65.068,1998-05-04,PP,1998
2B,2B,6.08,15.02,1998-04-23,PP,1998
R20B,1C,12.315,30.431,1998-04-23,PP,1998
SpB,4D/WB,35.74,88.31,1998-04-23,PP,1998
2D,2D,48.41,119.62,1998-04-22,PP,1998
1D,1D,41.55,102.67,1998-04-22,PP,1998
R1B,4H,3.377,8.345,1998-04-22,PP,1998
N1A,N1A,93.855,231.92,1998-04-22,PP,1998
K1B,K1B,105.138,259.801,1998-04-22,PP,1998
C1SB,"Texas Hog Pasture",69.81,172.51,1998-04-18,PP,1998
C3SB,S3B,226.265,559.112,1998-04-17,PP,1998
C3SC,S3C,127.02,313.873,1998-04-17,PP,1998
K2A,K2A,66.1,163.336,1998-04-17,PP,1998
K1A,K1A,113.89,281.428,1998-04-15,PP,1998
"Nature Trail","Nature Trail",101.87,251.726,1998-04-15,PP,1998
"Belowground Plots","Belowground Plots",1.45,3.58,1998-04-14,PP,1998
HQA,HQA,12.28,30.344,1998-04-10,PP,1998
HQC,HQC,17.483,43.201,1998-04-10,PP,1998
HQD,HQC,28.25,69.807,1998-04-10,PP,1998
N4C,N4C,77.842,192.351,1998-04-10,PP,1998
N2A,N2A,101.215,250.107,1998-04-10,PP,1998
C3B,C1B,63.69,157.381,1998-04-06,PP,1998
C3C,C1B,21.55,53.251,1998-04-06,PP,1998
C3C,C1C,81.291,200.874,1998-04-06,PP,1998
C1A,"Pasture 8",5.1,12.6,1998-04-06,PP,1998
N4D,N4D,135.45,334.704,1998-04-02,PP,1998
N1B,N1B,120.683,298.214,1998-04-02,PP,1998
WA,WA,11.62,28.72,1998-02-20,PP,1998
WB,WB,12.33,30.46,1998-02-20,PP,1998
FA,FA,11.09,27.404,1999-12-10,PP,1999
FB,FB,11.18,27.626,1999-12-10,PP,1999
SuB,SuB,15.63,38.62,1999-07-26,PP,1999
SuA,10C/3U3BC,22.86,56.49,1999-07-26,PP,1999
N4B,N4B,56.775,140.293,1999-05-13,PP,1999
1D,1D,41.55,102.67,1999-05-13,PP,1999
HQC,HQC,17.483,43.201,1999-05-07,PP,1999
SpB,4D/WB,35.74,88.31,1999-04-20,PP,1999
SpA,4C,8.818,21.79,1999-04-20,PP,1999
C1A,"Pasture 8",5.1,12.6,1999-04-20,PP,1999
C3C,C1B,21.55,53.251,1999-04-20,PP,1999
C3C,C1C,81.291,200.874,1999-04-20,PP,1999
C3B,C1B,63.69,157.381,1999-04-20,PP,1999
R20A,1A,26.332,65.068,1999-04-12,PP,1999
N2B,N2B,118.781,293.514,1999-04-12,PP,1999
R20B,1C,12.315,30.431,1999-04-12,PP,1999
2A,2A,27.96,69.1,1999-04-12,PP,1999
1B,1B/WA,35.89,88.69,1999-04-12,PP,1999
2C,2C,22.95,56.72,1999-04-12,PP,1999
4A,4A,18.84,46.56,1999-04-12,PP,1999
"Belowground Plots","Belowground Plots",1.45,3.58,1999-04-07,PP,1999
N1A,N1A,93.855,231.92,1999-04-06,PP,1999
N1B,N1B,120.683,298.214,1999-04-06,PP,1999
K1B,K1B,105.138,259.801,1999-03-29,PP,1999
"White Pasture","White Pasture",166.82,412.22,1999-03-18,PP,1999
WB,WB,12.33,30.46,1999-02-09,PP,1999
WA,WA,11.62,28.72,1999-02-09,PP,1999
FB,FB,11.181,27.629,2000-11-21,PP,2000
FA,FA,11.089,27.401,2000-11-21,PP,2000
K1B,K1B,105.138,259.801,2000-04-28,PP,2000
K1B,K4B,76.118,188.092,2000-04-28,PP,2000
K2A,K2A,66.1,163.336,2000-04-28,PP,2000
1D,1D,41.55,102.67,2000-04-26,PP,2000
R20B,1C,12.315,30.431,2000-04-26,PP,2000
SpB,4D/WB,35.74,88.31,2000-04-26,PP,2000
4F,4F,16.37,40.44,2000-04-24,PP,2000
N1B,N1B,120.683,298.214,2000-04-21,PP,2000
"Belowground Plots","Belowground Plots",1.45,3.58,2000-04-20,PP,2000
4B,4B,39.96,98.74,2000-04-17,"PU ",2000
4B,4B,14.54,35.93,2000-04-12,WU,2000
1B,1B/WA,35.89,88.69,2000-04-12,PP,2000
2A,2A,27.96,69.1,2000-04-12,PP,2000
2B,2B,6.08,15.02,2000-04-12,PP,2000
SpA,4C,8.818,21.79,2000-04-12,PP,2000
R20A,1A,26.332,65.068,2000-04-12,PP,2000
N1A,N1A,93.855,231.92,2000-04-11,PP,2000
N4A,N4A,99.196,245.118,2000-04-10,PP,2000
HQC,HQC,17.483,43.201,2000-04-06,PP,2000
HQA,HQA,12.28,30.344,2000-04-04,PP,2000
HQB,HQB,14.92,36.868,2000-04-04,WU,2000
N2A,N2A,101.215,250.107,2000-04-04,PP,2000
HQD,HQC,28.25,69.807,2000-03-31,PP,2000
C3B,C4A,2.902,7.17,2000-03-30,PP,2000
C3SA,SA,102.076,252.235,2000-03-30,PP,2000
C3SC,SC,127.02,313.873,2000-03-30,PP,2000
C3SB,SB,226.265,559.112,2000-03-30,PP,2000
C3B,C1B,63.817,157.695,2000-03-29,PP,2000
C3C,C1B,21.55,53.251,2000-03-29,PP,2000
C3C,C1C,81.291,200.874,2000-03-29,PP,2000
C3A,C4A,48.728,120.41,2000-03-29,PP,2000
C1A,C4D,93.78,231.73,2000-03-29,PP,2000
K1A,K1A,113.89,281.428,2000-03-21,PP,2000
"Nature Trail","Nature Trail",93.37,230.722,2000-03-21,PP,2000
WA,WA,11.62,28.72,2000-02-08,PP,2000
WB,WB,12.33,30.46,2000-02-08,PP,2000
FA,FA,11.089,27.401,2001-11-21,PP,2001
FB,FB,11.181,27.629,2001-11-21,PP,2001
SuB,SuB,15.63,38.62,2001-08-14,PP,2001
SuA,10C/3U3BC,22.86,56.49,2001-08-14,PP,2001
R1A,20A/3B3UA,48.66,120.241,2001-04-26,PP,2001
"Belowground Plots","Belowground Plots",1.45,3.58,2001-04-26,PP,2001
SpB,4D/WB,35.74,88.31,2001-04-24,PP,2001
SpA,10A,24.536,60.63,2001-04-24,PP,2001
SpA,4C,8.818,21.79,2001-04-24,PP,2001
R1B,20D,36.42,89.996,2001-04-24,PP,2001
2C,2C,22.95,56.72,2001-04-24,PP,2001
HQC,HQC,17.483,43.201,2001-04-17,PP,2001
HQA,HQA,12.28,30.344,2001-04-16,PP,2001
N1B,N1B,120.683,298.214,2001-04-13,PP,2001
N4D,N4D,135.45,334.704,2001-04-13,PP,2001
N2B,N2B,118.781,293.514,2001-04-13,PP,2001
HQB,HQB,14.92,36.868,2001-04-13,"PU ",2001
K1B,K1B,105.138,259.801,2001-04-12,PP,2001
1D,1D,41.55,102.67,2001-04-12,PP,2001
2D,2D,48.41,119.62,2001-04-12,PP,2001
N1A,N1A,60.03,148.322,2001-04-09,PP,2001
K1A,K1A,113.89,281.428,2001-04-09,PP,2001
K4A,K4A,53.161,131.363,2001-04-04,PP,2001
N1A,N1A,33.83,83.596,2001-04-04,PP,2001
N4B,N4B,56.775,140.293,2001-04-04,PP,2001
1B,1B/WA,35.89,88.69,2001-04-04,PP,2001
C1A,"Pasture 8",5.1,12.6,2001-04-02,PP,2001
C3C,C1B,21.55,53.251,2001-04-02,PP,2001
C3C,C1C,81.291,200.874,2001-04-02,PP,2001
C3B,C1B,63.69,157.381,2001-04-02,PP,2001
WB,WB,12.33,30.46,2001-03-06,PP,2001
WA,WA,11.62,28.72,2001-03-06,PP,2001
FB,FB,11.18,27.626,2002-12-10,PP,2002
FA,FA,11.09,27.404,2002-12-10,PP,2002
1B,1B/WA,35.89,88.69,2002-05-03,PP,2002
2B,2B,6.08,15.02,2002-05-03,PP,2002
2A,2A,27.96,69.1,2002-05-03,PP,2002
"Nature Trail","Nature Trail",93.37,230.722,2002-05-02,PP,2002
SpA,4C,8.818,21.79,2002-05-02,PP,2002
HQC,HQC,17.483,43.201,2002-04-30,PP,2002
HQD,HQC,28.25,69.807,2002-04-30,PP,2002
R1B,4H,3.377,8.345,2002-04-29,PP,2002
R1B,20D,36.42,89.996,2002-04-29,PP,2002
SpB,4D/WB,35.74,88.31,2002-04-29,PP,2002
"Belowground Plots","Belowground Plots",1.45,3.58,2002-04-25,PP,2002
N1A,N1A,60.03,148.322,2002-04-25,PP,2002
1D,1D,41.55,102.67,2002-04-09,PP,2002
HQB,HQB,14.919,36.866,2002-04-05,PP,2002
4A,4A,18.84,46.56,2002-04-03,WU,2002
R1A,20A/3B3UA,48.66,120.241,2002-04-03,PP,2002
N4A,N4A,99.196,245.118,2002-04-03,WU,2002
N4C,N4C,77.842,192.351,2002-04-03,PP,2002
N2A,N2A,101.215,250.107,2002-04-03,PP,2002
C3B,C1B,63.69,157.381,2002-03-30,PP,2002
C3C,C1B,21.55,53.251,2002-03-30,PP,2002
C3C,C1C,81.291,200.874,2002-03-30,PP,2002
C1A,"Pasture 8",5.1,12.6,2002-03-30,PP,2002
4F,4F,16.37,40.44,2002-03-28,WU,2002
N1B,N1B,120.683,298.214,2002-03-28,PP,2002
N1A,N1A,33.83,83.596,2002-03-28,PP,2002
AL,AL,39.454,97.49,2002-03-27,PP,2002
K1A,K1A,113.89,281.428,2002-03-26,PP,2002
WA,WA,11.62,28.72,2002-02-13,PP,2002
WB,WB,12.33,30.46,2002-02-13,PP,2002
SuB,SuB,15.63,38.62,2003-07-24,PP,2003
SuA,10C/3U3BC,22.86,56.49,2003-07-24,PP,2003
R1A,20A/3B3UA,48.66,120.241,2003-05-12,PP,2003
K1A,K1A,113.89,281.428,2003-05-07,PP,2003
HQC,HQC,17.483,43.201,2003-05-07,PP,2003
SpB,4D/WB,35.74,88.31,2003-05-05,PP,2003
R1B,20D,36.42,89.996,2003-04-29,PP,2003
2C,2C,22.95,56.72,2003-04-29,PP,2003
"White Pasture","White Pasture",166.82,412.22,2003-04-28,PP,2003
C1A,C4D,93.78,231.73,2003-04-22,PP,2003
C3C,C1B,21.55,53.251,2003-04-22,PP,2003
C3C,C1C,81.291,200.874,2003-04-22,PP,2003
C3B,C1B,63.817,157.695,2003-04-22,PP,2003
C3B,C4A,2.902,7.17,2003-04-22,PP,2003
C3SB,SB,226.265,559.112,2003-04-22,PP,2003
C3SC,SC,127.02,313.873,2003-04-22,PP,2003
C3A,C4A,48.728,120.41,2003-04-22,PP,2003
C3SA,SA,102.076,252.235,2003-04-22,PP,2003
N1A,N1A,33.83,83.596,2003-04-21,PP,2003
"HQ Restoration Plots","Restoration Plots",2.424,5.991,2003-04-21,PP,2003
"Belowground Plots","Belowground Plots",1.45,3.58,2003-04-21,PP,2003
N1A,N1A,60.03,148.322,2003-04-19,PP,2003
HQB,HQB,14.92,36.868,2003-04-17,PP,2003
HQA,HQA,12.28,30.344,2003-04-17,PP,2003
SpA,4C,8.818,21.79,2003-04-12,PP,2003
C1SB,"Texas Hog Pasture",69.81,172.51,2003-04-12,PP,2003
1B,1B/WA,35.89,88.69,2003-04-11,PP,2003
4B,4B,54.5,134.67,2003-04-11,PP,2003
1D,1D,41.55,102.67,2003-04-10,PP,2003
2D,2D,48.41,119.62,2003-04-10,PP,2003
N1B,N1B,120.683,298.214,2003-04-09,PP,2003
N2B,N2B,118.781,293.514,2003-04-09,PP,2003
AL,AL,25.387,62.73,2003-03-31,PP,2003
HQB,HQB,14.92,36.868,2003-03-31,PP,2003
K1B,K1B,105.138,259.801,2003-03-25,PP,2003
WB,WB,12.33,30.46,2003-02-17,PP,2003
WA,WA,11.62,28.72,2003-02-17,PP,2003
FB,FB,11.18,27.626,2004-12-08,PP,2004
1B,1B/WA,35.89,88.69,2004-05-04,PP,2004
2A,2A,27.96,69.1,2004-05-04,PP,2004
2B,2B,6.08,15.02,2004-04-27,PP,2004
R1A,20A/3B3UA,48.66,120.241,2004-04-27,PP,2004
SpA,4C,8.818,21.79,2004-04-27,PP,2004
K1A,K1A,113.89,281.428,2004-04-13,PP,2004
4F,4F,16.37,40.44,2004-04-13,PP,2004
K2A,K2A,66.1,163.336,2004-04-13,PP,2004
K1B,K1B,105.138,259.801,2004-04-13,PP,2004
K1B,K4B,76.118,188.092,2004-04-13,PP,2004
SpB,4D/WB,35.74,88.31,2004-04-13,PP,2004
HQD,HQC,28.25,69.807,2004-04-06,PP,2004
N4A,N4A,99.196,245.118,2004-04-06,PP,2004
N2A,N2A,101.215,250.107,2004-04-06,PP,2004
"White Pasture","White Pasture",166.82,412.22,2004-04-02,PP,2004
C3SA,SA,102.076,252.235,2004-04-01,PP,2004
C3A,C4A,48.728,120.41,2004-04-01,PP,2004
C3SC,SC,127.02,313.873,2004-04-01,PP,2004
C3SB,SB,226.265,559.112,2004-04-01,PP,2004
C3B,C1B,63.817,157.695,2004-04-01,PP,2004
C3B,C4A,2.902,7.17,2004-04-01,PP,2004
C3C,C1B,21.55,53.251,2004-04-01,PP,2004
C3C,C1C,81.291,200.874,2004-04-01,PP,2004
C1A,C4D,93.78,231.73,2004-04-01,PP,2004
2D,2D,48.41,119.62,2004-04-01,WU,2004
1D,1D,41.55,102.67,2004-04-01,PP,2004
R1B,20D,36.42,89.996,2004-04-01,PP,2004
R1B,4H,3.38,8.352,2004-04-01,WU,2004
N1B,N1B,120.683,298.214,2004-03-31,PP,2004
HQC,HQC,17.483,43.201,2004-03-26,PP,2004
"Belowground Plots","Belowground Plots",1.45,3.58,2004-03-26,PP,2004
"Nature Trail","Nature Trail",93.37,230.722,2004-03-18,PP,2004
HQA,HQA,12.28,30.344,2004-03-12,PP,2004
N1A,N1A,60.03,148.322,2004-03-12,PP,2004
N1A,N1A,33.83,83.596,2004-03-09,PP,2004
FA,FA,11.089,27.401,2004-02-26,PP,2004
FB,FB,11.181,27.629,2004-02-26,PP,2004
WA,WA,11.62,28.72,2004-02-26,PP,2004
WB,WB,12.33,30.46,2004-02-26,PP,2004
FB,FB,11.181,27.629,2005-11-22,PP,2005
FA,FA,11.09,27.404,2005-11-22,PP,2005
SuB,SuB,15.63,38.62,2005-07-29,PP,2005
SuA,10C/3U3BC,22.86,56.49,2005-07-29,PP,2005
R1B,4H,3.377,8.345,2005-04-20,PP,2005
R1B,20D,36.42,89.996,2005-04-20,PP,2005
R1A,20A/3B3UA,48.66,120.241,2005-04-20,PP,2005
1D,1D,41.55,102.67,2005-04-20,PP,2005
2D,2D,48.41,119.62,2005-04-20,PP,2005
"Nature Trail","Nature Trail",41.22,101.857,2005-04-16,WU,2005
C1A,"Pasture 8",5.1,12.6,2005-04-16,PP,2005
C1SB,"Texas Hog Pasture",69.81,172.51,2005-04-16,PP,2005
SpB,4D/WB,35.74,88.31,2005-04-15,PP,2005
SpA,4C,8.818,21.79,2005-04-15,PP,2005
1B,1B/WA,35.89,88.69,2005-04-15,PP,2005
4B,4B,54.5,134.67,2005-04-15,PP,2005
N1A,N1A,33.83,83.596,2005-04-14,PP,2005
K4A,K4A,53.161,131.363,2005-04-14,PP,2005
N4B,N4B,56.775,140.293,2005-04-14,PP,2005
2C,2C,22.95,56.72,2005-04-14,PP,2005
K1B,K1B,105.138,259.801,2005-04-13,PP,2005
N1A,N1A,60.03,148.322,2005-04-08,PP,2005
N1B,N1B,120.683,298.214,2005-04-08,PP,2005
N4D,N4D,135.45,334.704,2005-04-08,PP,2005
N2B,N2B,118.781,293.514,2005-04-08,PP,2005
K1A,K1A,113.89,281.428,2005-03-31,PP,2005
C3C,C1B,21.55,53.251,2005-03-23,PP,2005
C3C,C1C,81.291,200.874,2005-03-23,PP,2005
C3B,C1B,63.69,157.381,2005-03-23,PP,2005
"Belowground Plots","Belowground Plots",1.45,3.58,2005-03-17,PP,2005
HQC,HQC,17.483,43.201,2005-03-16,PP,2005
HQB,HQB,14.919,36.866,2005-03-15,PP,2005
HQA,HQA,12.28,30.344,2005-03-15,PP,2005
WB,WB,12.33,30.46,2005-02-04,PP,2005
WA,WA,11.62,28.72,2005-02-04,PP,2005
FA,FA,11.09,27.404,2006-11-20,PP,2006
FB,FB,11.18,27.626,2006-11-20,PP,2006
1B,1B/WA,35.89,88.69,2006-05-08,PP,2006
2A,2A,27.96,69.1,2006-05-08,PP,2006
N1A,N1A,33.83,83.596,2006-05-05,PP,2006
4A,4A,18.84,46.56,2006-04-27,PP,2006
1D,"1D ",41.55,102.67,2006-04-27,PP,2006
2B,10B,8.21,20.29,2006-04-27,PP,2006
2B,2B,6.08,15.02,2006-04-27,PP,2006
R1A,20A/3B3UA,48.66,120.241,2006-04-27,PP,2006
N1A,N1A,60.03,148.322,2006-04-27,PP,2006
SpA,4C,8.82,21.795,2006-04-27,PP,2006
SpB,4D/WB,35.74,88.31,2006-04-27,PP,2006
K2A,K2A,66.1,163.336,2006-04-21,PP,2006
HQD,HQD,28.25,69.807,2006-04-20,PP,2006
N4C,N4C,77.842,192.351,2006-04-20,PP,2006
N2A,N2A,101.215,250.107,2006-04-20,PP,2006
C1SB,"Texas Hog Pasture",69.81,172.51,2006-04-17,PP,2006
"White Pasture","White Pasture",166.82,412.22,2006-04-17,PP,2006
R1B,20D/4H,39.797,98.34,2006-04-12,PP,2006
K1B,K1B,105.138,259.801,2006-04-12,PP,2006
HQC,HQC,17.483,43.201,2006-04-04,PP,2006
N1B,N1B,120.68,298.206,2006-04-04,PP,2006
"Nature Trail","Nature Trail",101.3,250.317,2006-04-03,PP,2006
"Belowground Plots","Belowground Plots",1.45,3.58,2006-03-23,PP,2006
C3SA,SA,102.08,252.245,2006-03-17,PP,2006
C3A,C4A,48.728,120.41,2006-03-17,PP,2006
C3SB,SB,226.265,559.112,2006-03-17,PP,2006
C3SC,SC,127.02,313.873,2006-03-17,PP,2006
C3B,C1B,63.69,157.381,2006-03-17,PP,2006
C3B,C4A,2.902,7.17,2006-03-17,PP,2006
C3C,C1B,21.815,53.906,2006-03-17,PP,2006
C3C,C1C,81,200.155,2006-03-17,PP,2006
C1A,C4D,93.78,231.73,2006-03-17,PP,2006
HQA,HQA,12.28,30.344,2006-03-14,PP,2006
HQB,HQB,14.92,36.868,2006-03-14,PP,2006
K1A,K1A,113.89,281.428,2006-03-09,PP,2006
WA,WA,11.62,28.72,2006-02-21,PP,2006
WB,WB,12.33,30.46,2006-02-21,PP,2006
SuB,SuB,15.63,38.62,2007-07-26,PP,2007
SuA,10C/3U3BC,22.86,56.49,2007-07-26,PP,2007
SpB,4D/WB,35.74,88.31,2007-04-30,PP,2007
SpA,4C,8.82,21.795,2007-04-30,PP,2007
4F,4F,16.37,40.44,2007-04-30,PP,2007
2C,2C,22.95,56.72,2007-04-30,PP,2007
N2B,N2B,118.78,293.511,2007-04-20,PP,2007
R1B,20D/4H,39.797,98.34,2007-04-20,PP,2007
R1A,20A/3B3UA,48.66,120.241,2007-04-20,PP,2007
1D,1D,41.55,102.67,2007-04-20,PP,2007
2D,2D,48.41,119.62,2007-04-20,PP,2007
N1B,N1B,120.68,298.206,2007-04-09,PP,2007
N1A,N1A,33.83,83.596,2007-04-04,PP,2007
K1B,K1B,105.138,259.801,2007-04-04,PP,2007
N4B,N4B,56.775,140.293,2007-04-04,PP,2007
N1A,N1A,60.03,148.322,2007-03-23,PP,2007
C1A,C4D,93.78,231.73,2007-03-22,PP,2007
C3C,C1B,21.815,53.906,2007-03-22,PP,2007
C3C,C1C,81,200.155,2007-03-22,PP,2007
C3B,C1B,63.69,157.381,2007-03-22,PP,2007
C3B,C4A,2.902,7.17,2007-03-22,PP,2007
C3SC,SC,127.02,313.873,2007-03-22,PP,2007
C3SB,SB,226.265,559.112,2007-03-22,PP,2007
C3A,C4A,48.728,120.41,2007-03-22,PP,2007
C3SA,SA,102.08,252.245,2007-03-22,PP,2007
"Cottage Hill","Cottage Hill",,,2007-03-17,PP,2007
"Belowground Plots","Belowground Plots",1.45,3.58,2007-03-12,PP,2007
HQC,HQC,17.483,43.201,2007-03-08,PP,2007
K1A,K1A,113.89,281.428,2007-03-07,PP,2007
"HQ Restoration Plots","Restoration Plots",2.424,5.991,2007-03-06,PP,2007
HQB,HQB,14.92,36.868,2007-03-06,PP,2007
HQA,HQA,12.28,30.344,2007-03-06,PP,2007
WB,WB,12.33,30.46,2007-02-22,PP,2007
WA,WA,11.62,28.72,2007-02-22,PP,2007
FA,FA,11.09,27.404,2008-12-12,PP,2008
FB,FB,11.18,27.626,2008-12-12,PP,2008
SuA,10C/3U3BC,22.86,56.49,2008-07-26,PP,2008
SuB,SuB,15.63,38.62,2008-07-26,PP,2008
R20B,1C,12.315,30.431,2008-05-05,"PU ",2008
R20A,1A,26.332,65.068,2008-04-30,WU,2008
"Belowground Plots","Belowground Plots",1.45,3.58,2008-04-29,PP,2008
1B,1B/WA,35.89,88.69,2008-04-29,PP,2008
2A,2A,27.96,69.1,2008-04-29,PP,2008
1D,"1D ",41.55,102.67,2008-04-24,PP,2008
R1A,20A/3B3UA,48.66,120.241,2008-04-24,PP,2008
N1B,N1B,120.68,298.206,2008-04-22,PP,2008
N1A,N1A,60.03,148.322,2008-04-22,PP,2008
2B,2B,6.08,15.02,2008-04-14,PP,2008
SpA,4C,8.82,21.795,2008-04-14,PP,2008
SpB,4D/WB,35.74,88.31,2008-04-14,PP,2008
HQD,HQD,28.25,69.807,2008-04-04,PP,2008
N1A,N1A,33.83,83.596,2008-04-01,PP,2008
C1SB,"Texas Hog Pasture",69.81,172.51,2008-03-28,PP,2008
"Nature Trail","Nature Trail",41.22,101.857,2008-03-28,PP,2008
"Nature Trail","Nature Trail",60.65,149.869,2008-03-25,PP,2008
R1B,20D/4H,39.797,98.34,2008-03-19,PP,2008
K2A,K2A,66.1,163.336,2008-03-19,PP,2008
K1B,K1B,105.138,259.801,2008-03-19,PP,2008
K1B,K4B,76.118,188.092,2008-03-19,PP,2008
FA,FA,11.09,27.404,2008-03-14,PP,2008
FB,FB,11.18,27.626,2008-03-14,PP,2008
WA,WA,11.62,28.72,2008-03-14,PP,2008
WB,WB,12.33,30.46,2008-03-14,PP,2008
C3SA,SA,102.08,252.245,2008-03-13,PP,2008
C3A,C4A,48.728,120.41,2008-03-13,PP,2008
C3SB,SB,226.265,559.112,2008-03-13,PP,2008
C3SC,SC,127.023,313.88,2008-03-13,PP,2008
C3B,C1B,63.69,157.381,2008-03-13,PP,2008
C3B,C4A,2.902,7.17,2008-03-13,PP,2008
C3C,C1B,21.815,53.906,2008-03-13,PP,2008
C3C,C1C,81,200.155,2008-03-13,PP,2008
C1A,C4D,93.78,231.73,2008-03-13,PP,2008
HQC,HQC,17.483,43.201,2008-03-12,PP,2008
N4A,N4A,99.196,245.118,2008-03-12,PP,2008
N2A,N2A,101.215,250.107,2008-03-12,PP,2008
HQA,HQA,12.28,30.344,2008-03-10,PP,2008
HQB,HQB,14.92,36.868,2008-03-10,PP,2008
K1A,K1A,113.89,281.428,2008-02-29,PP,2008
FB,FB,11.18,27.626,2009-11-11,PP,2009
FA,FA,11.09,27.404,2009-11-11,PP,2009
SuB,SuB,15.63,38.62,2009-07-27,PP,2009
SuA,10C/3U3BC,22.86,56.49,2009-07-27,PP,2009
HQC,HQC,17.483,43.201,2009-04-23,PP,2009
SpA,4C,8.82,21.795,2009-04-22,PP,2009
R1A,20A/3B3UA,48.66,120.241,2009-04-22,PP,2009
1B,1B/WA,35.89,88.69,2009-04-22,PP,2009
4B,4B,54.5,134.67,2009-04-22,PP,2009
SpB,4D/WB,35.74,88.31,2009-04-21,PP,2009
"Belowground Plots","Belowground Plots",1.45,3.58,2009-04-21,PP,2009
R1B,20D/4H,39.797,98.34,2009-04-17,PP,2009
1D,1D,41.55,102.67,2009-04-17,PP,2009
2D,2D,48.41,119.62,2009-04-17,PP,2009
2C,"2C ",22.95,56.72,2009-04-17,PP,2009
"Nature Trail","Nature Trail",101.87,251.726,2009-04-14,PP,2009
K1A,K1A,113.89,281.428,2009-04-08,PP,2009
N1A,N1A,60.03,148.322,2009-04-07,PP,2009
N1B,N1B,120.68,298.206,2009-04-07,PP,2009
N4D,N4D,135.45,334.704,2009-04-07,PP,2009
N2B,N2B,118.78,293.511,2009-04-07,PP,2009
K1B,K1B,105.138,259.801,2009-03-25,PP,2009
C1SB,"Texas Hog Pasture",69.81,172.51,2009-03-25,PP,2009
N1A,N1A,33.83,83.596,2009-03-17,PP,2009
K4A,K4A,53.16,131.361,2009-03-17,PP,2009
"HQ Restoration Plots","Restoration Plots",2.424,5.991,2009-03-14,PP,2009
C1A,C4D,93.78,231.73,2009-03-06,PP,2009
C3C,C1B,21.815,53.906,2009-03-06,PP,2009
C3C,C1C,81,200.155,2009-03-06,PP,2009
C3B,C1B,63.69,157.381,2009-03-06,PP,2009
C3B,C4A,2.902,7.17,2009-03-06,PP,2009
C3SC,SC,127.02,313.873,2009-03-06,PP,2009
C3SB,SB,226.265,559.112,2009-03-06,PP,2009
C3A,C4A,48.728,120.41,2009-03-06,PP,2009
C3SA,SA,102.076,252.235,2009-03-06,PP,2009
HQB,HQB,14.92,36.868,2009-03-04,PP,2009
HQA,HQA,12.28,30.344,2009-03-04,PP,2009
WB,WB,12.33,30.46,2009-02-04,PP,2009
WA,WA,11.62,28.72,2009-02-04,PP,2009
FA,FA,11,27,2010-11-18,PP,2010
FB,FB,11,27,2010-11-18,PP,2010
1B,1B/WA,35.89,88.69,2010-05-01,PP,2010
2A,2A,27.96,69.1,2010-05-01,PP,2010
4A,4A,18.84,46.56,2010-04-20,PP,2010
1D,1D,41.55,102.67,2010-04-20,PP,2010
2B,2B/10B,14.4,35.59,2010-04-20,PP,2010
R1A,20A/3B3UA,48.66,120.241,2010-04-20,PP,2010
R1B,20D/4H,39.797,98.34,2010-04-20,PP,2010
SpA,4C/10A,33.355,82.422,2010-04-20,PP,2010
SpB,4D/WB,35.74,88.31,2010-04-20,PP,2010
"Belowground Plots","Belowground Plots",1.45,3.58,2010-04-19,PP,2010
C1A,C4D,93.78,231.73,2010-04-17,PP,2010
C1SB,"Texas Hog Pasture",69.81,172.51,2010-04-08,PP,2010
N4C,N4C,77.842,192.351,2010-04-08,PP,2010
N2A,N2A,101.215,250.107,2010-04-08,PP,2010
HQD,HQD,28.25,69.807,2010-04-04,PP,2010
N1B,N1B,120.683,298.214,2010-04-03,PP,2010
K2A,K2A,66.1,163.336,2010-03-31,PP,2010
K1B,K1B,105.138,259.801,2010-03-31,PP,2010
K1B,K4B,76.118,188.092,2010-03-31,WU,2010
HQB,HQB,14.919,36.866,2010-03-18,PP,2010
HQC,HQC,17.483,43.201,2010-03-18,PP,2010
"HQ Restoration Plots","Restoration Plots",2.424,5.991,2010-03-18,PP,2010
"Nature Trail","Nature Trail",101.87,251.726,2010-03-17,PP,2010
N1A,N1A,93.855,231.92,2010-03-17,PP,2010
HQA,HQA,12.28,30.344,2010-03-04,PP,2010
AL,"Brome Field N of N",,,2010-03-04,PP,2010
"Cottage Hill","Cottage Hill",,,2010-03-04,PP,2010
C3SA,SA,102.076,252.235,2010-03-03,PP,2010
C3A,C3A,48.728,120.41,2010-03-03,PP,2010
C3SB,SB,226.265,559.112,2010-03-03,PP,2010
C3SC,SC,127.02,313.873,2010-03-03,PP,2010
K1A,K1A,113.89,281.428,2010-03-02,PP,2010
"Nature Trail -Restoration","Restored - NT Head",2.775,6.858,2010-03-02,PP,2010
WA,"WA ",11.62,28.72,2010-02-18,PP,2010
WB,WB,12.33,30.46,2010-02-18,PP,2010
FB,FB,10.631,26.27,2011-11-23,PP,2011
FA,FA,11.089,27.401,2011-11-23,PP,2011
K2A,K2A,66.1,163.336,2011-09-19,WU,2011
K20A,K20A,83.13,205.418,2011-09-19,WU,2011
SuB,SuB,15.63,38.62,2011-08-19,PP,2011
SuA,10C/3U3BC,16.002,39.541,2011-08-18,PP,2011
UN07,UN07,3.694,9.128,2011-07-20,WU,2011
WA,WA,11.62,28.72,2011-07-20,WP,2011
SuA,10C/3U3BC,6.858,16.946,2011-07-20,WU,2011
R20B,1C,5,12.36,2011-07-20,WU,2011
4F,4F,16.37,40.44,2011-07-20,WP,2011
FB,FB,10.631,26.27,2011-07-20,WU,2011
R1A,20A/3B3UA,48.66,120.241,2011-05-02,PP,2011
HQC,HQC,17.483,43.201,2011-04-28,PP,2011
SpB,4D/WB,35.74,88.31,2011-04-26,PP,2011
SpA,4C/10A,33.355,82.422,2011-04-26,PP,2011
R1B,20D/4H,39.797,98.34,2011-04-26,PP,2011
1B,1B/WA,35.89,88.69,2011-04-26,PP,2011
1D,1D,41.55,102.67,2011-04-26,PP,2011
2D,2D,48.41,119.62,2011-04-26,PP,2011
"Belowground Plots","Belowground Plots",1.45,3.58,2011-04-23,PP,2011
"White Pasture","White Pasture",166.82,412.22,2011-04-18,PP,2011
"Nature Trail","Nature Trail",101.87,251.726,2011-04-18,PP,2011
K1B/K4B,K1B,181.665,448.905,2011-04-17,PP,2011
C1SB,"Texas Hog Pasture",76.36,188.69,2011-04-17,PP,2011
N1B,N1B,120.683,298.214,2011-04-13,PP,2011
N2B,N2B,118.78,293.511,2011-04-13,PP,2011
4F,4F,16.37,40.44,2011-04-13,PP,2011
2C,2C,22.95,56.72,2011-04-13,PP,2011
N1A,N1A,60.03,148.322,2011-04-12,PP,2011
C3SA,SA,102.076,252.235,2011-04-12,PP,2011
N4B,N4B,56.775,140.293,2011-03-24,PP,2011
C1A,C4D,93.78,231.73,2011-03-24,PP,2011
C3B,C3B,66.59,164.547,2011-03-24,PP,2011
N1A,N1A,33.83,83.596,2011-03-23,PP,2011
K1A,K1A,113.89,281.428,2011-03-12,PP,2011
"Nature Trail -Restoration","Restored - NT Head",2.775,6.858,2011-03-03,PP,2011
HQB,HQB,14.919,36.866,2011-03-03,PP,2011
HQA,HQA,12.28,30.344,2011-03-03,PP,2011
WB,WB,12.33,30.46,2011-02-18,PP,2011
WA,WA,11.62,28.72,2011-02-18,PP,2011
FA,FA,11.089,27.401,2012-11-14,PP,2012
FB,FB,10.631,26.27,2012-11-14,PP,2012
1B,1B/WA,35.89,88.69,2012-04-21,PP,2012
2A,2A,28.3,69.94,2012-04-21,PP,2012
AL,"Brome Field E of hay barn",6.857,16.94,2012-04-20,PP,2012
"HQ Restoration Plots","Restoration Plots",2.735,6.76,2012-04-20,PP,2012
AL,"Brome Field N of K",35.38,87.42,2012-04-17,PP,2012
2B,2B/10B,14.4,35.59,2012-04-17,PP,2012
R1A,20A/3B3UA,48.66,120.241,2012-04-17,PP,2012
SpA,4C/10A,33.402,82.539,2012-04-17,PP,2012
SpB,4D/WB,35.74,88.31,2012-04-17,PP,2012
HQC,HQC,17.483,43.201,2012-04-11,PP,2012
"HQ Restoration Plots","Restoration Plots",2.424,5.991,2012-04-11,PP,2012
N1B,N1B,120.683,298.214,2012-04-11,PP,2012
"White Pasture","White Pasture",166.82,412.22,2012-04-10,PP,2012
"Belowground Plots","Belowground Plots",1.45,3.58,2012-04-09,PP,2012
C1SB,"Texas Hog Pasture",76.36,188.69,2012-04-09,PP,2012
1D,1D,41.55,102.67,2012-04-09,PP,2012
K1A,K1A,113.89,281.428,2012-04-03,PP,2012
AL,"Brome Field N of N",,48.29,2012-04-03,PP,2012
K20A,K20A,83.13,205.418,2012-04-03,PP,2012
"Nature Trail","Nature Trail",33.076,81.733,2012-04-03,PP,2012
N1A,N1A,33.83,83.596,2012-04-03,PP,2012
N20A,N20A,82.98,205.048,2012-03-31,PP,2012
K1B/K4B,K1B,181.665,448.905,2012-03-31,PP,2012
N1A,N1A,60.03,148.322,2012-03-31,PP,2012
C3C,C3C,102.423,253.093,2012-03-28,PP,2012
C3SC,SC,127.02,313.873,2012-03-28,PP,2012
C1A,C4D,93.78,231.73,2012-03-28,PP,2012
HQD,HQD,28.25,69.807,2012-03-27,PP,2012
N4A,N4A,99.196,245.118,2012-03-27,PP,2012
N2A,N2A,101.215,250.107,2012-03-27,PP,2012
20C,20C/3B3UD,36.07,89.13,2012-03-15,PP,2012
R1B,20D/4H,39.797,98.34,2012-03-15,PP,2012
HQA,HQA,12.28,30.344,2012-03-09,PP,2012
HQB,HQB,14.92,36.868,2012-03-09,PP,2012
K2A,K2A,66.1,163.336,2012-03-09,PP,2012
"Nature Trail -Restoration","Restored - NT Head",2.775,6.858,2012-02-02,PP,2012
WA,WA,11.62,28.72,2012-02-01,PP,2012
WB,WB,12.33,30.46,2012-02-01,PP,2012
FB,FB,10.631,26.27,2013-11-14,PP,2013
FA,FA,11.089,27.401,2013-11-14,PP,2013
K1B/K4B,K1B,181.665,448.905,2013-04-29,PP,2013
R1A,20A/3B3UA,48.66,120.241,2013-04-29,PP,2013
"Belowground Plots","Belowground Plots",1.45,3.58,2013-04-25,PP,2013
SpB,4D/WB,35.74,88.31,2013-04-13,PP,2013
SpA,4C/10A,33.402,82.539,2013-04-13,PP,2013
1B,1B/WA,35.89,88.69,2013-04-13,PP,2013
4B,4B,54.5,134.67,2013-04-13,PP,2013
"Vetch Hill - South of 2C","Vetch Hill - South of 2C",1.002,2.475,2013-04-08,PP,2013
R1B,20D/4H,39.797,98.34,2013-04-08,PP,2013
1D,1D,41.55,102.67,2013-04-08,PP,2013
2D,2D,48.41,119.62,2013-04-08,PP,2013
2C,2C,22.95,56.72,2013-04-08,PP,2013
N1A,N1A,60.03,148.322,2013-04-03,PP,2013
N1B,N1B,120.683,298.214,2013-04-03,PP,2013
N4D,N4D,135.45,334.704,2013-04-03,PP,2013
N2B,N2B,118.78,293.511,2013-04-03,PP,2013
"White Pasture","White Pasture",124.93,308.69,2013-03-29,PP,2013
C1A,C4D,93.78,231.73,2013-03-28,PP,2013
C3SB,SB,226.265,559.112,2013-03-28,PP,2013
C3A,C3A,48.728,120.41,2013-03-28,PP,2013
N1A,N1A,33.83,83.596,2013-03-20,PP,2013
"Nature Trail","Nature Trail",60.726,150.056,2013-03-20,PP,2013
C1SB,"Texas Hog Pasture",76.36,188.69,2013-03-20,PP,2013
K4A,K4A,53.16,131.361,2013-03-15,PP,2013
K20A,K20A,83.13,205.418,2013-03-15,PP,2013
AL,"Brome field N of K4A",35.38,87.42,2013-03-15,PP,2013
AL,"Brome field S of K1A",19.54,48.29,2013-03-15,PP,2013
"Nature Trail - North Hill","Nature Trail",33.076,81.732,2013-03-14,PP,2013
"HQ Restoration Plots","Restoration Plots",5.718,14.129,2013-03-14,PP,2013
K1A,K1A,113.89,281.428,2013-03-14,PP,2013
HQC,HQC,17.483,43.201,2013-03-13,PP,2013
HQB,HQB,14.92,36.868,2013-03-13,PP,2013
HQA,HQA,12.28,30.344,2013-03-13,PP,2013
"Nature Trail -Restoration","Restored - NT Head",2.775,6.858,2013-03-06,PP,2013
WB,WB,12.33,30.46,2013-03-06,PP,2013
WA,WA,11.62,28.72,2013-03-06,PP,2013
FA,FA,11.089,27.401,2014-11-25,PP,2014
FB,FB,10.631,26.27,2014-11-25,PP,2014
SuA,10C/3U3BC,22.86,56.488,2014-07-24,PP,2014
SuB,SuB,15.63,38.62,2014-07-24,PP,2014
1B,1B/WA,35.89,88.69,2014-04-18,PP,2014
2A,2A,28.3,69.94,2014-04-18,PP,2014
4A,4A,18.84,46.56,2014-04-15,PP,2014
"Belowground Plots","Belowground Plots",1.45,3.58,2014-04-15,PP,2014
R1A,20A/3B3UA,48.66,120.241,2014-04-15,PP,2014
1D,1D,41.55,102.67,2014-04-11,PP,2014
2B,2B/10B,14.4,35.59,2014-04-11,PP,2014
R1B,20D/4H,39.797,98.34,2014-04-11,PP,2014
N1B,N1B,120.683,298.214,2014-04-11,PP,2014
SpA,4C/10A,33.402,82.539,2014-04-11,PP,2014
SpB,4D/WB,35.74,88.31,2014-04-11,PP,2014
C3SA,SA,102.076,252.235,2014-04-01,PP,2014
AL,"Brome field N of K4A",35.38,87.42,2014-04-01,PP,2014
C1SB,"Texas Hog Pasture",76.36,188.69,2014-04-01,PP,2014
"Nature Trail","Nature Trail",60.726,150.056,2014-04-01,PP,2014
AL,"Brome field S of K1A",19.54,48.29,2014-03-29,PP,2014
K2A,K2A,66.1,163.336,2014-03-29,PP,2014
K1B/K4B,K1B,181.665,448.905,2014-03-29,PP,2014
K1A,K1A,113.89,281.428,2014-03-28,PP,2014
K20A,K20A,83.13,205.418,2014-03-28,PP,2014
N1A,N1A,33.83,83.596,2014-03-28,PP,2014
N2A,N2A,101.215,250.107,2014-03-27,PP,2014
C3B,C3B,66.59,164.547,2014-03-23,PP,2014
C1A,C4D,93.78,231.73,2014-03-23,PP,2014
N4C,N4C,77.842,192.351,2014-03-10,PP,2014
N1A,N1A,60.03,148.322,2014-03-10,PP,2014
HQD,HQD,28.25,69.807,2014-03-10,PP,2014
HQA,HQA,12.28,30.344,2014-03-07,PP,2014
HQB,HQB,14.92,36.868,2014-03-07,PP,2014
HQC,HQC,17.483,43.201,2014-03-07,PP,2014
WA,WA,11.62,28.72,2014-02-23,PP,2014
WB,WB,12.33,30.46,2014-02-23,PP,2014
FA,FA,11.089,27.401,2015-11-13,PP,2015
FB,FB,10.631,26.27,2015-11-13,PP,2015
R1A,20A/3B3UA,48.66,120.241,2015-04-15,PP,2015
1B,1B/WA,35.89,88.69,2015-04-15,PP,2015
AL,"Brome Field S of K1A",19.54,48.29,2015-04-14,PP,2015
AL,"Brome Field N of K4A",35.38,87.38,2015-04-14,PP,2015
R1B,20D/4H,39.797,98.34,2015-04-14,PP,2015
2D,2D,48.41,119.62,2015-04-14,PP,2015
1D,1D,41.55,102.67,2015-04-14,PP,2015
2C,2C,22.95,56.72,2015-04-14,PP,2015
4F,4F,16.37,40.44,2015-04-14,PP,2015
SpA,4C/10A,33.402,82.539,2015-04-14,PP,2015
SpB,4D/WB,35.74,88.31,2015-04-14,PP,2015
N1A,N1A,33.83,83.596,2015-03-31,PP,2015
N4B,N4B,56.775,140.293,2015-03-31,PP,2015
HQC,HQC,17.483,43.201,2015-03-31,PP,2015
N1A,N1A,60.03,148.322,2015-03-26,PP,2015
N1B,N1B,120.683,298.214,2015-03-26,PP,2015
N2B,N2B,118.78,293.511,2015-03-26,PP,2015
K1B/K4B,K1B,181.665,448.905,2015-03-20,PP,2015
K1A,K1A,113.89,281.428,2015-03-12,PP,2015
K20A,K20A,83.13,205.418,2015-03-12,PP,2015
C1SB,"Texas Hog Pasture",76.36,188.69,2015-03-12,PU,2015
HQA,HQA,12.28,30.344,2015-03-10,PP,2015
HQB,HQB,14.92,36.868,2015-03-10,PP,2015
C3SC,SC,127.02,313.873,2015-03-09,PP,2015
C3C,C3C,102.423,253.093,2015-03-09,PP,2015
C1A,C4D,93.78,231.73,2015-03-09,PP,2015
WB,WB,12.33,30.46,2015-01-30,PP,2015
WA,WA,11.62,28.72,2015-01-30,PP,2015
FA,FA,11.089,27.401,2016-11-10,PP,2016
FB,FB,10.631,26.27,2016-11-10,PP,2016
SuA,10C/3U3BC,22.86,56.488,2016-07-26,PP,2016
SuB,SuB,15.63,38.62,2016-07-26,PP,2016
2A,2A,28.3,69.94,2016-05-03,PP,2016
1B,1B/WA,35.89,88.69,2016-05-03,PP,2016
SpA,4C/10A,33.402,82.539,2016-05-03,PP,2016
SpB,4D/WB,35.74,88.31,2016-05-03,PP,2016
2B,2B/10B,14.4,35.59,2016-05-03,PP,2016
1D,1D,41.55,102.67,2016-05-03,PP,2016
R1B,20D/4H,39.797,98.34,2016-05-03,PP,2016
K2A,K2A,66.1,163.336,2016-04-13,PP,2016
K1B/K4B,K1B,181.665,448.905,2016-04-13,PP,2016
N20B,N20B,84.364,208.467,2016-04-13,PP,2016
N1B,N1B,120.683,298.214,2016-04-13,PP,2016
"Brome Field N of K4A",AL,35.38,87.38,2016-04-12,PP,2016
K20A,K20A,83.13,205.418,2016-04-12,PP,2016
N1A,N1A,60.03,148.322,2016-04-12,PP,2016
"Nature Trail","Nature Trail",60.726,150.056,2016-04-11,PP,2016
K1A,K1A,113.89,281.428,2016-04-04,PP,2016
C1SB,"Texas Hog Pasture",76.36,188.69,2016-04-04,PP,2016
N1A,N1A,33.83,83.596,2016-04-04,PP,2016
R1A,20A/3B3UA,48.66,120.241,2016-03-28,PP,2016
HQD,HQD,28.25,69.807,2016-03-17,PP,2016
N4A,N4A,99.196,245.118,2016-03-17,PP,2016
N2A,N2A,101.215,250.107,2016-03-17,PP,2016
HQA,HQA,12.28,30.344,2016-03-14,PP,2016
HQB,HQB,14.92,36.868,2016-03-14,PP,2016
HQC,HQC,17.483,43.201,2016-03-14,PP,2016
C3SB,SB,226.265,559.112,2016-03-11,PP,2016
C3A,C3A,48.728,120.41,2016-03-11,PP,2016
C1A,C1A,93.78,231.73,2016-03-11,PP,2016
"White Pasture","White Pasture",124.93,308.69,2016-03-09,PP,2016
WA,WA,11.62,28.72,2016-01-29,PP,2016
WB,WB,12.33,30.46,2016-01-29,PP,2016
1D,1D,41.55,102.67,2017-04-13,PP,2017
2D,2D,48.41,119.62,2017-04-13,PP,2017
2C,2C,22.95,56.72,2017-04-13,PP,2017
Spa,4C/10A,33.402,82.539,2017-04-13,PP,2017
SpB,4D/WB,35.74,88.31,2017-04-13,PP,2017
R1A,20A/3B3UA,48.66,120.241,2017-04-13,PP,2017
R1B,20D/4H,39.797,98.34,2017-04-13,PP,2017
4B,4B,54.5,134.67,2017-04-13,PP,2017
20B,20B/UC/4B,23.77,58.75,2017-04-13,PP,2017
1B,1B/WA,35.89,88.69,2017-04-13,PP,2017
K1B/K4B,K1B,181.665,448.905,2017-04-11,PP,2017
N1A,N1A,60.03,148.322,2017-03-20,PP,2017
N2B,N2B,118.78,293.511,2017-03-20,PP,2017
N4D,N4D,135.45,334.704,2017-03-20,PP,2017
N1B,N1B,120.683,298.214,2017-03-20,PP,2017
K20A,K20A,83.13,205.418,2017-03-16,PP,2017
N1A,N1A,33.83,83.596,2017-03-16,PP,2017
HQA,HQA,12.28,30.344,2017-03-15,PP,2017
HQB,HQB,14.92,36.868,2017-03-15,PP,2017
HQC,HQC,17.483,43.201,2017-03-15,PP,2017
C3SA,SA,102.076,252.235,2017-03-10,PP,2017
C1A,C1A,93.78,231.73,2017-03-10,PP,2017
C3B,C3B,66.59,164.547,2017-03-10,PP,2017
AL,"Brome field S of K1A",19.54,48.29,2017-03-09,PP,2017
K1A,K1A,113.89,281.428,2017-03-09,PP,2017
C1SB,"Texas Hog Pasture",76.36,188.69,2017-03-09,PP,2017
K4A,K4A,53.16,131.361,2017-03-09,PP,2017
WA,WA,11.62,28.72,2017-02-06,PP,2017
WB,WB,12.33,30.46,2017-02-06,PP,2017
FA,FA,11.089,27.401,2017-11-10,PP,2017
FB,FB,10.631,26.27,2017-11-10,PP,2017
WA,WA,11.62,28.72,2018-02-14,PP,2018
WB,WB,12.33,30.46,2018-02-14,PP,2018
"Nature trail","Nature trail",60.726,150.056,2018-03-01,PP,2018
C1SB,"Texas Hog Pasture",76.36,188.69,2018-03-01,PP,2018
HQA,HQA,12.28,30.344,2018-03-08,PP,2018
HQB,HQB,14.92,36.868,2018-03-08,PP,2018
HQC,HQC,17.483,43.201,2018-03-08,PP,2018
HQD,HQD,28.25,69.807,2018-03-09,PP,2018
N1B,N1B,120.683,298.214,2018-03-09,PP,2018
N1A,N1A,33.83,83.596,2018-03-12,PP,2018
Al,"Brome field N of K4A",35.38,87.42,2018-03-12,PP,2018
Al,"Brome field S of K1A",19.54,48.29,2018-03-12,PP,2018
K1A,K1A,113.89,281.428,2018-03-12,PP,2018
N2A,N2A,101.215,250.107,2018-03-13,PP,2018
N4C,N4C,77.842,192.351,2018-03-13,PP,2018
SpA,4C/10A,33.402,82.539,2018-03-14,wp,2018
SpB,4D/WB,35.74,88.31,2018-03-14,wp,2018
2B,2B/10B,14.4,35.59,2018-03-14,wp,2018
K1B/K4B,K1B,181.665,448.905,2018-03-21,PP,2018
K2A,K2A,66.1,163.336,2018-03-21,PP,2018
2A,2A,28.3,69.94,2018-03-30,PP,2018
1B,1B/WA,35.89,88.69,2018-03-30,PP,2018
R1B,20D/4H,39.797,98.34,2018-03-30,PP,2018
"White Pasture","White Pasture",41.64,102.9,2018-04-17,PP,2018
C3SC,SC,127.02,313.873,2018-04-17,PP,2018
C3C,C3C,102.423,253.093,2018-04-17,PP,2018
C1A,C1A,93.78,231.73,2018-04-17,PP,2018
"White Pasture","White Pasture",83.29,205.79,2018-04-19,PP,2018
R1A,20A/3B3UA,48.66,120.241,2018-04-23,PP,2018
1D,1D,41.55,102.67,2018-04-23,PP,2018
4A,4A,18.84,46.56,2018-04-23,PP,2018
K20a,K20A,83.13,205.418,2018-08-01,PP,2018
SuA,10C/3U3BC,22.86,56.488,2018-08-01,PP,2018
SuB,SuB,15.63,38.62,2018-08-01,PP,2018
FA,FA,11.089,27.401,2018-11-16,PP,2018
FB,FB,10.631,26.27,2018-11-16,PP,2018
WA,WA,11.62,28.72,2019-02-01,PP,2019
WB,WB,12.33,30.46,2019-02-01,PP,2019
C3SB,SB,226.265,559.112,2019-03-18,PP,2019
C3A,C3A,48.728,120.41,2019-03-18,PP,2019
C1A,C1A,93.78,231.73,2019-03-18,PP,2019
C1SB,"Texas Hog Pasture",76.36,188.69,2019-03-20,PP,2019
K1A,K1A,113.89,281.428,2019-03-20,PP,2019
ALE,"Brome field N of K4A",35.38,87.42,2019-03-20,PP,2019
ALD,"Brome field S of K1",19.54,48.29,2019-03-20,PP,2019
N1A,N1A,34,84,2019-03-22,PP,2019
N4B,N4B,56.775,140.293,2019-03-22,PP,2019
K1B/K4B,K1B,181.665,448.905,2019-03-22,PP,2019
HQA,HQA,12.28,30.344,2019-04-01,PP,2019
HQB,HQB,14.92,36.868,2019-04-01,PP,2019
HQC,HQC,17.483,43.201,2019-04-01,PP,2019
HQE,HQE,8.094,20,2019-04-01,PP,2019
N1A,N1A,60.03,148.322,2019-04-02,PP,2019
N2B,N2B,118.78,293.511,2019-04-02,PP,2019
N1B,N1B,120.683,298.214,2019-04-02,PP,2019
4F,4F,16.37,40.44,2019-04-02,PP,2019
WN2A,.,8.9,22,2019-04-05,PP,2019
WN4A,.,5.3,13,2019-04-05,PP,2019
R1A,20A/3B3UA,48.66,120.241,2019-04-05,PP,2019
1B,1B/WA,35.89,88.69,2019-04-05,PP,2019
1D,1D,41.55,102.67,2019-04-15,PP,2019
2D,2D,48.41,119.62,2019-04-15,PP,2019
R1B,20D/4H,39.797,98.34,2019-04-15,PP,2019
SPA,4C/10A,33.402,82.539,2019-04-15,PP,2019
SPB,4D/WB,35.74,88.31,2019-04-15,PP,2019
2C,2C,22.95,56.72,2019-04-15,PP,2019
FA,FA,11.089,27.401,2019-11-05,PP,2019
FB,FB,10.631,26.27,2019-11-05,PP,2019
WA,WA,11.62,28.72,2020-02-06,PP,2020
WB,WB,12.33,30.46,2020-02-06,PP,2020
C3SA,SA,102.076,252.235,2020-03-02,PP,2020
C1SB,"Texas Hog Pasture",76.36,188.69,2020-03-02,PP,2020
N2A,N2A,101.215,250.107,2020-03-06,PP,2020
N4A,N4A,99.196,245.118,2020-03-06,PP,2020
R1A,20A/3B3UA,48.66,120.241,2020-03-06,PP,2020
C1A,C1A,93.78,231.73,2020-03-13,PP,2020
C3B,C3B,66.59,164.547,2020-03-13,PP,2020
"Hulbert Restoration","HQ Restoration Plots",5.718,14.129,2020-03-13,PP,2020
HQA,HQA,12.28,30.344,2020-03-21,PP,2020
HQB,HQB,14.92,36.868,2020-03-21,PP,2020
HQC,HQC,17.483,43.201,2020-03-21,PP,2020
HQD,HQD,28.25,69.807,2020-03-21,PP,2020
WN2A,.,8.9,22,2020-03-21,PP,2020
WN4A,.,5.3,13,2020-03-21,PP,2020
K1A,K1A,113.89,281.428,2020-03-24,PP,2020
K20A,K20A,83.13,205.418,2020-03-24,PP,2020
"Nature Trail","Nature trail",72.84,180,2020-04-04,PP,2020
"N1A ",N1A,60.03,148.322,2020-04-07,PP,2020
"N1A ","N1A ",33.83,83.596,2020-04-07,PP,2020
N1B,N1B,120.683,298.214,2020-04-07,PP,2020
K2A,K2A,66.1,163.336,2020-04-10,PP,2020
K1B/K4B,K1B,181.665,448.905,2020-04-10,PP,2020
1D,1D,41.55,102.67,2020-04-15,PP,2020
HQE,HQE,8.094,20,2020-04-15,PP,2020
R1B,20D/4H,39.797,98.34,2020-04-21,PP,2020
SPB,4D/WB,35.74,88.31,2020-04-21,PP,2020
SPA,4C/10A,33.402,82.539,2020-04-21,PP,2020
2B,2B/10B,14.4,35.59,2020-04-21,PP,2020
1B,1B/WA,35.89,88.69,2020-04-21,PP,2020
2A,2A,28.3,69.94,2020-04-21,PP,2020
"Nature Trail - North Hill","Nature Trail",33.076,81.732,2020-04-21,PP,2020
SuA,10C/3U3BC,22.86,56.488,2020-08-04,PP,2020
SuB,SuB,15.63,38.62,2020-08-04,PP,2020
ALC,AL,22,54.36,2020-08-04,PP,2020
ALD,"Brome field S of K1",19.54,48.29,2020-08-04,PP,2020
ALE,"Brome field N of K4A",35.38,87.42,2020-08-04,PP,2020
R1B,20D/4H,39.797,98.34,2020-11-03,WP,2020
20C,20C/3B3UD,4.86,12,2020-11-03,WU,2020
FA,FA,11.089,27.401,2020-11-04,PP,2020
FB,FB,10.631,26.27,2020-11-04,PP,2020
WA,WA,11.62,28.72,2021-02-26,PP,2021
WB,WB,12.33,30.46,2021-02-26,PP,2021
K1A,K1A,113.89,281.428,2021-03-01,PP,2021
C1SB,"Texas Hog Pasture",76.36,188.69,2021-03-01,PP,2021
K20A,K20A,83.13,205.418,2021-03-04,PP,2021
C3SC,SC,127.02,313.873,2021-03-04,PP,2021
C1A,C1A,93.78,231.73,2021-03-05,PP,2021
C3C,C3C,102.423,253.093,2021-03-05,PP,2021
"White Pasture","White Pasture",124.93,308.69,2021-03-05,PP,2021
HQA,HQA,12.28,30.344,2021-04-01,PP,2021
HQB,HQB,14.92,36.868,2021-04-01,PP,2021
HQC,HQC,17.483,43.201,2021-04-01,PP,2021
R1A,20A/3B3UA,48.66,120.241,2021-04-01,PP,2021
R20A,1A,26.332,65.068,2021-04-03,WU,2021
2A,2A,28.3,69.94,2021-04-03,WU,2021
4A,4A,18.84,46.56,2021-04-03,WU,2021
4B,4B,54.5,134.67,2021-04-03,WP,2021
1B,1B/WA,35.89,88.69,2021-04-03,WP,2021
K1B/K4B,K1B/K4B,181.26,447.9,2021-04-09,PP,2021
N1A,N1A,60.03,148.322,2021-04-12,PP,2021
N1A,N1A,33.83,83.596,2021-04-12,PP,2021
K4A,K4A,53.16,131.361,2021-04-12,PP,2021
N20B,N20B,84.364,208.467,2021-04-12,PP,2021
N20A,N20A,82.98,205.048,2021-04-12,PP,2021
N2B,N2B,118.78,293.511,2021-04-12,PP,2021
N4D,N4D,135.45,334.704,2021-04-12,PP,2021
N1B,N1B,120.683,298.214,2021-04-12,PP,2021
SpA,4C,8.82,21.795,2021-04-22,PP,2021
SpB,4D/WB,35.74,88.31,2021-04-22,PP,2021
2C,2C,22.95,56.72,2021-04-22,PP,2021
1D,1D,41.55,102.67,2021-04-22,PP,2021
2D,2D,48.41,119.62,2021-04-22,PP,2021
R20B,1C,12.315,30.431,2021-04-30,PP,2021
FA,FA,11.089,27.401,2021-11-08,PP,2021
FB,FB,10.631,26.27,2021-11-09,PP,2021
WA,WA,11.62,28.72,2022-02-19,PP,2022
WB,WB,12.33,30.46,2022-02-19,PP,2022
N2A,N2A,101.215,250.107,2022-03-01,PP,2022
N4C,N4C,77.842,192.351,2022-03-01,PP,2022
HQD,HQD,28.25,69.807,2022-03-01,PP,2022
N20A,N20A,82.98,205.048,2022-03-02,PP,2022
N1A,N1A,33.83,83.596,2022-03-02,PP,2022
N1A,N1A,60.03,148.322,2022-03-02,PP,2022
"Nature Trail","Nature Trail",72.84,180,2022-03-15,PP,2022
C1A,C1A,93.78,231.73,2022-03-26,PP,2022
C3A,C3A,48.728,120.41,2022-03-26,PP,2022
C3SB,SB,226.265,559.112,2022-03-26,PP,2022
N1B,N1B,120.683,298.214,2022-03-28,PP,2022
C1SB,"Texas Hog Pasture",76.36,188.69,2022-04-04,PP,2022
"Nature Trail - North Hill","Nature Trail",33.076,81.732,2022-04-04,PP,2022
ALD,"Brome field S of K1",19.54,48.29,2022-04-04,PP,2022
ALE,"Brome field N of K4A",35.38,87.42,2022-04-04,PP,2022
K1A,K1A,113.89,281.428,2022-04-11,PP,2022
K20A,K20A,83.13,205.418,2022-04-11,PP,2022
R1B,20D/4H,39.797,98.34,2022-04-11,PP,2022
1D,1D,41.55,102.67,2022-04-11,PP,2022
N20B,N20B,84.364,208.467,2022-04-11,PP,2022
K1B,K1B,105.138,259.801,2022-04-11,PP,2022
K2A,K2A,66.1,163.336,2022-04-15,PP,2022
HQA,HQA,12.28,30.344,2022-04-15,PP,2022
HQB,HQB,14.92,36.868,2022-04-15,PP,2022
HQC,HQC,17.483,43.201,2022-04-15,PP,2022
R1A,20A/3B3UA,48.66,120.241,2022-04-21,PP,2022
4A,4A,18.84,46.56,2022-04-21,PP,2022
2A,2A,28.3,69.94,2022-04-26,PP,2022
1B,1B/WA,35.89,88.69,2022-04-26,PP,2022
SPA,4C/10A,33.402,82.539,2022-04-26,PP,2022
SPB,4D/WB,35.74,88.31,2022-04-26,PP,2022
2B,2B/10B,14.4,35.59,2022-04-26,PP,2022
SuA,10C/3U3BC,22.86,56.488,2022-08-01,PP,2022
SuB,SuB,15.63,38.62,2022-08-01,PP,2022
FA,FA,11.089,27.401,2022-11-21,PP,2022
FB,FB,10.631,26.27,2022-11-21,PP,2022
WA,WA,11.62,28.72,2023-02-08,PP,2023
WB,WB,12.33,30.46,2023-02-08,PP,2023
C1SB,"Texas Hog Pasture",76.36,188.69,2023-03-01,PP,2023
C3SA,SA,102.076,252.235,2023-03-01,PP,2023
K1A,K1A,113.89,281.428,2023-03-06,PP,2023
2D,2D,48.41,119.62,2023-03-10,PP,2023
C1A,C1A,93.78,231.73,2023-03-10,PP,2023
C3B,C3B,66.59,164.547,2023-03-10,PP,2023
R1B,20D/4H,39.797,98.34,2023-03-10,PP,2023
HQA,HQA,12.28,30.344,2023-03-22,PP,2023
"White Pasture","White Pasture",124.93,308.69,2023-03-23,PP,2023
N1A,N1A,33.83,83.596,2023-03-27,PP,2023
N1A,N1A,60.03,148.322,2023-03-27,PP,2023
N20A,N20A,82.98,205.048,2023-03-27,PP,2023
N20B,N20B,84.364,208.467,2023-03-27,PP,2023
N2B,N2B,118.78,293.511,2023-03-27,PP,2023
N4B,N4B,56.775,140.293,2023-03-27,PP,2023
K1B,K1B/K4B,181.26,447.9,2023-04-06,PP,2023
K20A,K20A,83.13,205.418,2023-04-06,PP,2023
WN2A,.,8.9,22,2023-04-07,PP,2023
WN4A,.,5.3,13,2023-04-07,PP,2023
HQB,HQB,14.92,36.868,2023-04-10,PP,2023
1D,1D,41.55,102.67,2023-04-17,PP,2023
HQC,HQC,17.483,43.201,2023-04-17,PP,2023
HQE,HQE,8.094,20,2023-04-17,PP,2023
N1B,N1B,120.683,298.214,2023-04-17,PP,2023
1B,1B/WA,35.89,88.69,2023-04-25,PP,2023
2C,2C,22.95,56.72,2023-04-25,PP,2023
4F,4F,16.37,40.44,2023-04-25,PP,2023
R1A,20A/3B3UA,48.66,120.241,2023-04-25,PP,2023
SPA,4C/10A,33.402,82.539,2023-04-25,PP,2023
SPB,4D/WB,35.74,88.31,2023-04-25,PP,2023
ALE,"Brome field N of K4A",35.38,87.42,2023-04-27,PP,2023
N4C,N4C,.,.,2023-09-25,PP,2023
FA,FA,11.089,27.401,2023-11-07,PP,2023
FB,FB,10.631,26.27,2023-11-07,PP,2023
